scrape_date,source_site,query_occupation,prefecture,job_title,company_name,location,work_prefecture,city_ward,oaza_town,chome,ban,go,wage_text,wage_type,wage_min,wage_max,wage_unit,employment_type,posted_date_text,job_url,search_url,is_excluded_fulltime,is_disaster_related,notes
2026-08-08,求人ボックス,設備工事,北海道,空調設備工事監理,株式会社セクター,北海道札幌市中央区,北海道,札幌市中央区,,,,,"月給 300,000円 ～ 350,000円",月給,300000,350000,month,派遣社員 期間 即日 ～ 3ヶ月（期間終了後、延長の可能性あり）,7時間前,https://xn--pckua2a7gp15o89zb.com/jb/d8cea823a5bf0d144beab4eab4ff4250,"https://xn--pckua2a7gp15o89zb.com/%E8%A8%AD%E5%82%99%E5%B7%A5%E4%BA%8Bの仕事-%E5%8C%97%E6%B5%B7%E9%81%93?e=5,3,4&u=1",false,false,
2026-08-08,求人ボックス,空調工事,北海道,空調設備工事監理,株式会社セクター,北海道札幌市中央区,北海道,札幌市中央区,,,,,"月給 300,000円 ～ 350,000円",月給,300000,350000,month,派遣社員 期間 即日 ～ 3ヶ月（期間終了後、延長の可能性あり）,7時間前,https://xn--pckua2a7gp15o89zb.com/jb/d8cea823a5bf0d144beab4eab4ff4250,"https://xn--pckua2a7gp15o89zb.com/%E7%A9%BA%E8%AA%BF%E5%B7%A5%E4%BA%8Bの仕事-%E5%8C%97%E6%B5%B7%E9%81%93?e=5,3,4&u=1",false,false,
2026-08-08,求人ボックス,土木作業員,北海道,土木作業員 重機オペレーター,アース・プラン株式会社,北海道帯広市 北海道北海道全域,北海道,帯広市,北海道北海道全域,,,,"日給9,000円～1万3,500円",日給,9000,13500,day,正社員 / アルバイト・パート / 契約社員,2025-06-17,https://xn--pckua2a7gp15o89zb.com/jbn/661665438c0f691530d99a5902eafa08,"https://xn--pckua2a7gp15o89zb.com/%E5%9C%9F%E6%9C%A8%E4%BD%9C%E6%A5%AD%E5%93%A1の仕事-%E5%8C%97%E6%B5%B7%E9%81%93?e=5,3,4&q=not%3A%E5%93%81%E5%87%BA%E3%81%97%20not%3A%E3%83%AC%E3%82%B8%20not%3A%E8%B2%A9%E5%A3%B2%20not%3A%E6%8E%A5%E5%AE%A2%20not%3A%E5%A3%B2%E5%A0%B4%20not%3A%E5%A3%B2%E3%82%8A%E5%A0%B4%20not%3A%E5%BA%97%E8%88%97%E3%82%B9%E3%82%BF%E3%83%83%E3%83%95%20not%3A%E3%82%B7%E3%83%A7%E3%83%83%E3%83%97%E3%82%B9%E3%82%BF%E3%83%83%E3%83%95%20not%3A%E8%B2%A9%E5%A3%B2%E5%93%A1%20not%3A%E5%95%86%E5%93%81%E7%AE%A1%E7%90%86%20not%3A%E3%83%89%E3%83%A9%E3%83%83%E3%82%B0%E3%82%B9%E3%83%88%E3%82%A2%20not%3A%E3%83%9B%E3%83%BC%E3%83%A0%E3%82%BB%E3%83%B3%E3%82%BF%E3%83%BC%20not%3A%E5%96%B6%E6%A5%AD%20not%3A%E3%83%AB%E3%83%BC%E3%83%88%E5%96%B6%E6%A5%AD%20not%3A%E6%8F%90%E6%A1%88%E5%96%B6%E6%A5%AD%20not%3A%E5%8F%8D%E9%9F%BF%E5%96%B6%E6%A5%AD%20not%3A%E4%B8%8D%E5%8B%95%E7%94%A3%E5%96%B6%E6%A5%AD%20not%3A%E4%BD%8F%E5%AE%85%E5%96%B6%E6%A5%AD%20not%3A%E4%BA%8B%E5%8B%99%20not%3A%E4%B8%80%E8%88%AC%E4%BA%8B%E5%8B%99%20not%3A%E5%96%B6%E6%A5%AD%E4%BA%8B%E5%8B%99%20not%3A%E5%8F%97%E4%BB%98%20not%3A%E7%B5%8C%E7%90%86%20not%3A%E7%B7%8F%E5%8B%99%20not%3A%E4%BA%BA%E4%BA%8B%20not%3A%E6%96%BD%E5%B7%A5%E7%AE%A1%E7%90%86%20not%3A%E7%8F%BE%E5%A0%B4%E7%9B%A3%E7%9D%A3%20not%3A%E5%BB%BA%E7%AF%89%E5%A3%AB%20not%3A%E8%A8%AD%E8%A8%88%20not%3ACAD%20not%3A%E7%A9%8D%E7%AE%97%20not%3A%E5%B7%A5%E7%A8%8B%E7%AE%A1%E7%90%86%20not%3A%E5%93%81%E8%B3%AA%E7%AE%A1%E7%90%86%20not%3A%E3%83%89%E3%83%A9%E3%82%A4%E3%83%90%E3%83%BC%20not%3A%E9%85%8D%E9%80%81%20not%3A%E9%85%8D%E9%81%94%20not%3A%E9%81%8B%E8%BB%A2%E6%89%8B%20not%3A%E5%80%89%E5%BA%AB%20not%3A%E7%89%A9%E6%B5%81%20not%3A%E3%83%95%E3%82%A9%E3%83%BC%E3%82%AF%E3%83%AA%E3%83%95%E3%83%88%20not%3A%E3%83%94%E3%83%83%E3%82%AD%E3%83%B3%E3%82%B0%20not%3A%E8%A3%BD%E9%80%A0%E3%82%AA%E3%83%9A%E3%83%AC%E3%83%BC%E3%82%BF%E3%83%BC%20not%3A%E5%B7%A5%E5%A0%B4%E4%BD%9C%E6%A5%AD%20not%3A%E3%83%A9%E3%82%A4%E3%83%B3%E4%BD%9C%E6%A5%AD%20not%3A%E6%A4%9C%E6%9F%BB%E5%93%A1%20not%3A%E7%B5%84%E7%AB%8B%E5%B7%A5%20not%3A%E8%AD%A6%E5%82%99%20not%3A%E6%B8%85%E6%8E%83%20not%3A%E4%BB%8B%E8%AD%B7%20not%3A%E7%9C%8B%E8%AD%B7%20not%3A%E4%BF%9D%E8%82%B2",true,false,
2026-08-08,求人ボックス,土木作業員,北海道,土木作業員,旭建興業株式会社,0718136 北海道旭川市末広6条4丁目2-9,北海道,旭川市,末広,4,,,"日給9,000円",日給,9000,9000,day,契約社員,,https://xn--pckua2a7gp15o89zb.com/jb/bad07808df356f7ad659e4cf24da602f,"https://xn--pckua2a7gp15o89zb.com/%E5%9C%9F%E6%9C%A8%E4%BD%9C%E6%A5%AD%E5%93%A1の仕事-%E5%8C%97%E6%B5%B7%E9%81%93?e=5,3,4&q=not%3A%E5%93%81%E5%87%BA%E3%81%97%20not%3A%E3%83%AC%E3%82%B8%20not%3A%E8%B2%A9%E5%A3%B2%20not%3A%E6%8E%A5%E5%AE%A2%20not%3A%E5%A3%B2%E5%A0%B4%20not%3A%E5%A3%B2%E3%82%8A%E5%A0%B4%20not%3A%E5%BA%97%E8%88%97%E3%82%B9%E3%82%BF%E3%83%83%E3%83%95%20not%3A%E3%82%B7%E3%83%A7%E3%83%83%E3%83%97%E3%82%B9%E3%82%BF%E3%83%83%E3%83%95%20not%3A%E8%B2%A9%E5%A3%B2%E5%93%A1%20not%3A%E5%95%86%E5%93%81%E7%AE%A1%E7%90%86%20not%3A%E3%83%89%E3%83%A9%E3%83%83%E3%82%B0%E3%82%B9%E3%83%88%E3%82%A2%20not%3A%E3%83%9B%E3%83%BC%E3%83%A0%E3%82%BB%E3%83%B3%E3%82%BF%E3%83%BC%20not%3A%E5%96%B6%E6%A5%AD%20not%3A%E3%83%AB%E3%83%BC%E3%83%88%E5%96%B6%E6%A5%AD%20not%3A%E6%8F%90%E6%A1%88%E5%96%B6%E6%A5%AD%20not%3A%E5%8F%8D%E9%9F%BF%E5%96%B6%E6%A5%AD%20not%3A%E4%B8%8D%E5%8B%95%E7%94%A3%E5%96%B6%E6%A5%AD%20not%3A%E4%BD%8F%E5%AE%85%E5%96%B6%E6%A5%AD%20not%3A%E4%BA%8B%E5%8B%99%20not%3A%E4%B8%80%E8%88%AC%E4%BA%8B%E5%8B%99%20not%3A%E5%96%B6%E6%A5%AD%E4%BA%8B%E5%8B%99%20not%3A%E5%8F%97%E4%BB%98%20not%3A%E7%B5%8C%E7%90%86%20not%3A%E7%B7%8F%E5%8B%99%20not%3A%E4%BA%BA%E4%BA%8B%20not%3A%E6%96%BD%E5%B7%A5%E7%AE%A1%E7%90%86%20not%3A%E7%8F%BE%E5%A0%B4%E7%9B%A3%E7%9D%A3%20not%3A%E5%BB%BA%E7%AF%89%E5%A3%AB%20not%3A%E8%A8%AD%E8%A8%88%20not%3ACAD%20not%3A%E7%A9%8D%E7%AE%97%20not%3A%E5%B7%A5%E7%A8%8B%E7%AE%A1%E7%90%86%20not%3A%E5%93%81%E8%B3%AA%E7%AE%A1%E7%90%86%20not%3A%E3%83%89%E3%83%A9%E3%82%A4%E3%83%90%E3%83%BC%20not%3A%E9%85%8D%E9%80%81%20not%3A%E9%85%8D%E9%81%94%20not%3A%E9%81%8B%E8%BB%A2%E6%89%8B%20not%3A%E5%80%89%E5%BA%AB%20not%3A%E7%89%A9%E6%B5%81%20not%3A%E3%83%95%E3%82%A9%E3%83%BC%E3%82%AF%E3%83%AA%E3%83%95%E3%83%88%20not%3A%E3%83%94%E3%83%83%E3%82%AD%E3%83%B3%E3%82%B0%20not%3A%E8%A3%BD%E9%80%A0%E3%82%AA%E3%83%9A%E3%83%AC%E3%83%BC%E3%82%BF%E3%83%BC%20not%3A%E5%B7%A5%E5%A0%B4%E4%BD%9C%E6%A5%AD%20not%3A%E3%83%A9%E3%82%A4%E3%83%B3%E4%BD%9C%E6%A5%AD%20not%3A%E6%A4%9C%E6%9F%BB%E5%93%A1%20not%3A%E7%B5%84%E7%AB%8B%E5%B7%A5%20not%3A%E8%AD%A6%E5%82%99%20not%3A%E6%B8%85%E6%8E%83%20not%3A%E4%BB%8B%E8%AD%B7%20not%3A%E7%9C%8B%E8%AD%B7%20not%3A%E4%BF%9D%E8%82%B2",false,false,
2026-08-08,求人ボックス,土木作業員,北海道,土木作業員,株式会社アラタ工業,北海道 上富良野町 上富良野駅 徒歩15分,北海道,上富良野町,上富良野,,,,"日給1万1,000円～2万900円",日給,11000,20900,day,契約社員,14日以上前,https://xn--pckua2a7gp15o89zb.com/jb/c903c0da4a530b4a95d9b884a69ea49f,"https://xn--pckua2a7gp15o89zb.com/%E5%9C%9F%E6%9C%A8%E4%BD%9C%E6%A5%AD%E5%93%A1の仕事-%E5%8C%97%E6%B5%B7%E9%81%93?e=5,3,4&q=not%3A%E5%93%81%E5%87%BA%E3%81%97%20not%3A%E3%83%AC%E3%82%B8%20not%3A%E8%B2%A9%E5%A3%B2%20not%3A%E6%8E%A5%E5%AE%A2%20not%3A%E5%A3%B2%E5%A0%B4%20not%3A%E5%A3%B2%E3%82%8A%E5%A0%B4%20not%3A%E5%BA%97%E8%88%97%E3%82%B9%E3%82%BF%E3%83%83%E3%83%95%20not%3A%E3%82%B7%E3%83%A7%E3%83%83%E3%83%97%E3%82%B9%E3%82%BF%E3%83%83%E3%83%95%20not%3A%E8%B2%A9%E5%A3%B2%E5%93%A1%20not%3A%E5%95%86%E5%93%81%E7%AE%A1%E7%90%86%20not%3A%E3%83%89%E3%83%A9%E3%83%83%E3%82%B0%E3%82%B9%E3%83%88%E3%82%A2%20not%3A%E3%83%9B%E3%83%BC%E3%83%A0%E3%82%BB%E3%83%B3%E3%82%BF%E3%83%BC%20not%3A%E5%96%B6%E6%A5%AD%20not%3A%E3%83%AB%E3%83%BC%E3%83%88%E5%96%B6%E6%A5%AD%20not%3A%E6%8F%90%E6%A1%88%E5%96%B6%E6%A5%AD%20not%3A%E5%8F%8D%E9%9F%BF%E5%96%B6%E6%A5%AD%20not%3A%E4%B8%8D%E5%8B%95%E7%94%A3%E5%96%B6%E6%A5%AD%20not%3A%E4%BD%8F%E5%AE%85%E5%96%B6%E6%A5%AD%20not%3A%E4%BA%8B%E5%8B%99%20not%3A%E4%B8%80%E8%88%AC%E4%BA%8B%E5%8B%99%20not%3A%E5%96%B6%E6%A5%AD%E4%BA%8B%E5%8B%99%20not%3A%E5%8F%97%E4%BB%98%20not%3A%E7%B5%8C%E7%90%86%20not%3A%E7%B7%8F%E5%8B%99%20not%3A%E4%BA%BA%E4%BA%8B%20not%3A%E6%96%BD%E5%B7%A5%E7%AE%A1%E7%90%86%20not%3A%E7%8F%BE%E5%A0%B4%E7%9B%A3%E7%9D%A3%20not%3A%E5%BB%BA%E7%AF%89%E5%A3%AB%20not%3A%E8%A8%AD%E8%A8%88%20not%3ACAD%20not%3A%E7%A9%8D%E7%AE%97%20not%3A%E5%B7%A5%E7%A8%8B%E7%AE%A1%E7%90%86%20not%3A%E5%93%81%E8%B3%AA%E7%AE%A1%E7%90%86%20not%3A%E3%83%89%E3%83%A9%E3%82%A4%E3%83%90%E3%83%BC%20not%3A%E9%85%8D%E9%80%81%20not%3A%E9%85%8D%E9%81%94%20not%3A%E9%81%8B%E8%BB%A2%E6%89%8B%20not%3A%E5%80%89%E5%BA%AB%20not%3A%E7%89%A9%E6%B5%81%20not%3A%E3%83%95%E3%82%A9%E3%83%BC%E3%82%AF%E3%83%AA%E3%83%95%E3%83%88%20not%3A%E3%83%94%E3%83%83%E3%82%AD%E3%83%B3%E3%82%B0%20not%3A%E8%A3%BD%E9%80%A0%E3%82%AA%E3%83%9A%E3%83%AC%E3%83%BC%E3%82%BF%E3%83%BC%20not%3A%E5%B7%A5%E5%A0%B4%E4%BD%9C%E6%A5%AD%20not%3A%E3%83%A9%E3%82%A4%E3%83%B3%E4%BD%9C%E6%A5%AD%20not%3A%E6%A4%9C%E6%9F%BB%E5%93%A1%20not%3A%E7%B5%84%E7%AB%8B%E5%B7%A5%20not%3A%E8%AD%A6%E5%82%99%20not%3A%E6%B8%85%E6%8E%83%20not%3A%E4%BB%8B%E8%AD%B7%20not%3A%E7%9C%8B%E8%AD%B7%20not%3A%E4%BF%9D%E8%82%B2",false,false,
2026-08-08,求人ボックス,土木作業員,北海道,解体工事作業員／アスベスト除去作業員／一般土木作業員,株式会社大輝,北海道 札幌市,北海道,札幌市,,,,,月給25万円～ / 昇給あり,月給,250000,250000,month,正社員 / 契約社員,,https://xn--pckua2a7gp15o89zb.com/jb/70d6b465831b15db1d598cac5ac21775,"https://xn--pckua2a7gp15o89zb.com/%E5%9C%9F%E6%9C%A8%E4%BD%9C%E6%A5%AD%E5%93%A1の仕事-%E5%8C%97%E6%B5%B7%E9%81%93?e=5,3,4&q=not%3A%E5%93%81%E5%87%BA%E3%81%97%20not%3A%E3%83%AC%E3%82%B8%20not%3A%E8%B2%A9%E5%A3%B2%20not%3A%E6%8E%A5%E5%AE%A2%20not%3A%E5%A3%B2%E5%A0%B4%20not%3A%E5%A3%B2%E3%82%8A%E5%A0%B4%20not%3A%E5%BA%97%E8%88%97%E3%82%B9%E3%82%BF%E3%83%83%E3%83%95%20not%3A%E3%82%B7%E3%83%A7%E3%83%83%E3%83%97%E3%82%B9%E3%82%BF%E3%83%83%E3%83%95%20not%3A%E8%B2%A9%E5%A3%B2%E5%93%A1%20not%3A%E5%95%86%E5%93%81%E7%AE%A1%E7%90%86%20not%3A%E3%83%89%E3%83%A9%E3%83%83%E3%82%B0%E3%82%B9%E3%83%88%E3%82%A2%20not%3A%E3%83%9B%E3%83%BC%E3%83%A0%E3%82%BB%E3%83%B3%E3%82%BF%E3%83%BC%20not%3A%E5%96%B6%E6%A5%AD%20not%3A%E3%83%AB%E3%83%BC%E3%83%88%E5%96%B6%E6%A5%AD%20not%3A%E6%8F%90%E6%A1%88%E5%96%B6%E6%A5%AD%20not%3A%E5%8F%8D%E9%9F%BF%E5%96%B6%E6%A5%AD%20not%3A%E4%B8%8D%E5%8B%95%E7%94%A3%E5%96%B6%E6%A5%AD%20not%3A%E4%BD%8F%E5%AE%85%E5%96%B6%E6%A5%AD%20not%3A%E4%BA%8B%E5%8B%99%20not%3A%E4%B8%80%E8%88%AC%E4%BA%8B%E5%8B%99%20not%3A%E5%96%B6%E6%A5%AD%E4%BA%8B%E5%8B%99%20not%3A%E5%8F%97%E4%BB%98%20not%3A%E7%B5%8C%E7%90%86%20not%3A%E7%B7%8F%E5%8B%99%20not%3A%E4%BA%BA%E4%BA%8B%20not%3A%E6%96%BD%E5%B7%A5%E7%AE%A1%E7%90%86%20not%3A%E7%8F%BE%E5%A0%B4%E7%9B%A3%E7%9D%A3%20not%3A%E5%BB%BA%E7%AF%89%E5%A3%AB%20not%3A%E8%A8%AD%E8%A8%88%20not%3ACAD%20not%3A%E7%A9%8D%E7%AE%97%20not%3A%E5%B7%A5%E7%A8%8B%E7%AE%A1%E7%90%86%20not%3A%E5%93%81%E8%B3%AA%E7%AE%A1%E7%90%86%20not%3A%E3%83%89%E3%83%A9%E3%82%A4%E3%83%90%E3%83%BC%20not%3A%E9%85%8D%E9%80%81%20not%3A%E9%85%8D%E9%81%94%20not%3A%E9%81%8B%E8%BB%A2%E6%89%8B%20not%3A%E5%80%89%E5%BA%AB%20not%3A%E7%89%A9%E6%B5%81%20not%3A%E3%83%95%E3%82%A9%E3%83%BC%E3%82%AF%E3%83%AA%E3%83%95%E3%83%88%20not%3A%E3%83%94%E3%83%83%E3%82%AD%E3%83%B3%E3%82%B0%20not%3A%E8%A3%BD%E9%80%A0%E3%82%AA%E3%83%9A%E3%83%AC%E3%83%BC%E3%82%BF%E3%83%BC%20not%3A%E5%B7%A5%E5%A0%B4%E4%BD%9C%E6%A5%AD%20not%3A%E3%83%A9%E3%82%A4%E3%83%B3%E4%BD%9C%E6%A5%AD%20not%3A%E6%A4%9C%E6%9F%BB%E5%93%A1%20not%3A%E7%B5%84%E7%AB%8B%E5%B7%A5%20not%3A%E8%AD%A6%E5%82%99%20not%3A%E6%B8%85%E6%8E%83%20not%3A%E4%BB%8B%E8%AD%B7%20not%3A%E7%9C%8B%E8%AD%B7%20not%3A%E4%BF%9D%E8%82%B2",true,false,
2026-08-08,求人ボックス,土木作業員,北海道,土木作業員,井沢建設株式会社,北海道 由仁町 由仁駅 車10分,北海道,由仁町,由仁,,,,"日給1万円～1万5,000円",日給,10000,15000,day,契約社員,12日前,https://xn--pckua2a7gp15o89zb.com/jb/ccd4be446ac1ba095cb96e9d6e42a8e5,"https://xn--pckua2a7gp15o89zb.com/%E5%9C%9F%E6%9C%A8%E4%BD%9C%E6%A5%AD%E5%93%A1の仕事-%E5%8C%97%E6%B5%B7%E9%81%93?e=5,3,4&q=not%3A%E5%93%81%E5%87%BA%E3%81%97%20not%3A%E3%83%AC%E3%82%B8%20not%3A%E8%B2%A9%E5%A3%B2%20not%3A%E6%8E%A5%E5%AE%A2%20not%3A%E5%A3%B2%E5%A0%B4%20not%3A%E5%A3%B2%E3%82%8A%E5%A0%B4%20not%3A%E5%BA%97%E8%88%97%E3%82%B9%E3%82%BF%E3%83%83%E3%83%95%20not%3A%E3%82%B7%E3%83%A7%E3%83%83%E3%83%97%E3%82%B9%E3%82%BF%E3%83%83%E3%83%95%20not%3A%E8%B2%A9%E5%A3%B2%E5%93%A1%20not%3A%E5%95%86%E5%93%81%E7%AE%A1%E7%90%86%20not%3A%E3%83%89%E3%83%A9%E3%83%83%E3%82%B0%E3%82%B9%E3%83%88%E3%82%A2%20not%3A%E3%83%9B%E3%83%BC%E3%83%A0%E3%82%BB%E3%83%B3%E3%82%BF%E3%83%BC%20not%3A%E5%96%B6%E6%A5%AD%20not%3A%E3%83%AB%E3%83%BC%E3%83%88%E5%96%B6%E6%A5%AD%20not%3A%E6%8F%90%E6%A1%88%E5%96%B6%E6%A5%AD%20not%3A%E5%8F%8D%E9%9F%BF%E5%96%B6%E6%A5%AD%20not%3A%E4%B8%8D%E5%8B%95%E7%94%A3%E5%96%B6%E6%A5%AD%20not%3A%E4%BD%8F%E5%AE%85%E5%96%B6%E6%A5%AD%20not%3A%E4%BA%8B%E5%8B%99%20not%3A%E4%B8%80%E8%88%AC%E4%BA%8B%E5%8B%99%20not%3A%E5%96%B6%E6%A5%AD%E4%BA%8B%E5%8B%99%20not%3A%E5%8F%97%E4%BB%98%20not%3A%E7%B5%8C%E7%90%86%20not%3A%E7%B7%8F%E5%8B%99%20not%3A%E4%BA%BA%E4%BA%8B%20not%3A%E6%96%BD%E5%B7%A5%E7%AE%A1%E7%90%86%20not%3A%E7%8F%BE%E5%A0%B4%E7%9B%A3%E7%9D%A3%20not%3A%E5%BB%BA%E7%AF%89%E5%A3%AB%20not%3A%E8%A8%AD%E8%A8%88%20not%3ACAD%20not%3A%E7%A9%8D%E7%AE%97%20not%3A%E5%B7%A5%E7%A8%8B%E7%AE%A1%E7%90%86%20not%3A%E5%93%81%E8%B3%AA%E7%AE%A1%E7%90%86%20not%3A%E3%83%89%E3%83%A9%E3%82%A4%E3%83%90%E3%83%BC%20not%3A%E9%85%8D%E9%80%81%20not%3A%E9%85%8D%E9%81%94%20not%3A%E9%81%8B%E8%BB%A2%E6%89%8B%20not%3A%E5%80%89%E5%BA%AB%20not%3A%E7%89%A9%E6%B5%81%20not%3A%E3%83%95%E3%82%A9%E3%83%BC%E3%82%AF%E3%83%AA%E3%83%95%E3%83%88%20not%3A%E3%83%94%E3%83%83%E3%82%AD%E3%83%B3%E3%82%B0%20not%3A%E8%A3%BD%E9%80%A0%E3%82%AA%E3%83%9A%E3%83%AC%E3%83%BC%E3%82%BF%E3%83%BC%20not%3A%E5%B7%A5%E5%A0%B4%E4%BD%9C%E6%A5%AD%20not%3A%E3%83%A9%E3%82%A4%E3%83%B3%E4%BD%9C%E6%A5%AD%20not%3A%E6%A4%9C%E6%9F%BB%E5%93%A1%20not%3A%E7%B5%84%E7%AB%8B%E5%B7%A5%20not%3A%E8%AD%A6%E5%82%99%20not%3A%E6%B8%85%E6%8E%83%20not%3A%E4%BB%8B%E8%AD%B7%20not%3A%E7%9C%8B%E8%AD%B7%20not%3A%E4%BF%9D%E8%82%B2",false,false,
2026-08-08,求人ボックス,建設作業員,北海道,未経験OK!交通費支給あり!建設作業員,株式会社アースビルド,北海道,北海道,,,,,,日給9000円 ～ 14000円,日給,9000,14000,day,契約社員 試用期間 試用期間なし 契約期間 ※求人票に記載が無い場合、お問い合わせいただければ内定時までに開示します。,,https://xn--pckua2a7gp15o89zb.com/jb/87fdf44a8eb50211769484062df2e404,"https://xn--pckua2a7gp15o89zb.com/%E5%BB%BA%E8%A8%AD%E4%BD%9C%E6%A5%AD%E5%93%A1の仕事-%E5%8C%97%E6%B5%B7%E9%81%93?e=5,3,4&q=not%3A%E5%93%81%E5%87%BA%E3%81%97%20not%3A%E3%83%AC%E3%82%B8%20not%3A%E8%B2%A9%E5%A3%B2%20not%3A%E6%8E%A5%E5%AE%A2%20not%3A%E5%A3%B2%E5%A0%B4%20not%3A%E5%A3%B2%E3%82%8A%E5%A0%B4%20not%3A%E5%BA%97%E8%88%97%E3%82%B9%E3%82%BF%E3%83%83%E3%83%95%20not%3A%E3%82%B7%E3%83%A7%E3%83%83%E3%83%97%E3%82%B9%E3%82%BF%E3%83%83%E3%83%95%20not%3A%E8%B2%A9%E5%A3%B2%E5%93%A1%20not%3A%E5%95%86%E5%93%81%E7%AE%A1%E7%90%86%20not%3A%E3%83%89%E3%83%A9%E3%83%83%E3%82%B0%E3%82%B9%E3%83%88%E3%82%A2%20not%3A%E3%83%9B%E3%83%BC%E3%83%A0%E3%82%BB%E3%83%B3%E3%82%BF%E3%83%BC%20not%3A%E5%96%B6%E6%A5%AD%20not%3A%E3%83%AB%E3%83%BC%E3%83%88%E5%96%B6%E6%A5%AD%20not%3A%E6%8F%90%E6%A1%88%E5%96%B6%E6%A5%AD%20not%3A%E5%8F%8D%E9%9F%BF%E5%96%B6%E6%A5%AD%20not%3A%E4%B8%8D%E5%8B%95%E7%94%A3%E5%96%B6%E6%A5%AD%20not%3A%E4%BD%8F%E5%AE%85%E5%96%B6%E6%A5%AD%20not%3A%E4%BA%8B%E5%8B%99%20not%3A%E4%B8%80%E8%88%AC%E4%BA%8B%E5%8B%99%20not%3A%E5%96%B6%E6%A5%AD%E4%BA%8B%E5%8B%99%20not%3A%E5%8F%97%E4%BB%98%20not%3A%E7%B5%8C%E7%90%86%20not%3A%E7%B7%8F%E5%8B%99%20not%3A%E4%BA%BA%E4%BA%8B%20not%3A%E6%96%BD%E5%B7%A5%E7%AE%A1%E7%90%86%20not%3A%E7%8F%BE%E5%A0%B4%E7%9B%A3%E7%9D%A3%20not%3A%E5%BB%BA%E7%AF%89%E5%A3%AB%20not%3A%E8%A8%AD%E8%A8%88%20not%3ACAD%20not%3A%E7%A9%8D%E7%AE%97%20not%3A%E5%B7%A5%E7%A8%8B%E7%AE%A1%E7%90%86%20not%3A%E5%93%81%E8%B3%AA%E7%AE%A1%E7%90%86%20not%3A%E3%83%89%E3%83%A9%E3%82%A4%E3%83%90%E3%83%BC%20not%3A%E9%85%8D%E9%80%81%20not%3A%E9%85%8D%E9%81%94%20not%3A%E9%81%8B%E8%BB%A2%E6%89%8B%20not%3A%E5%80%89%E5%BA%AB%20not%3A%E7%89%A9%E6%B5%81%20not%3A%E3%83%95%E3%82%A9%E3%83%BC%E3%82%AF%E3%83%AA%E3%83%95%E3%83%88%20not%3A%E3%83%94%E3%83%83%E3%82%AD%E3%83%B3%E3%82%B0%20not%3A%E8%A3%BD%E9%80%A0%E3%82%AA%E3%83%9A%E3%83%AC%E3%83%BC%E3%82%BF%E3%83%BC%20not%3A%E5%B7%A5%E5%A0%B4%E4%BD%9C%E6%A5%AD%20not%3A%E3%83%A9%E3%82%A4%E3%83%B3%E4%BD%9C%E6%A5%AD%20not%3A%E6%A4%9C%E6%9F%BB%E5%93%A1%20not%3A%E7%B5%84%E7%AB%8B%E5%B7%A5%20not%3A%E8%AD%A6%E5%82%99%20not%3A%E6%B8%85%E6%8E%83%20not%3A%E4%BB%8B%E8%AD%B7%20not%3A%E7%9C%8B%E8%AD%B7%20not%3A%E4%BF%9D%E8%82%B2",false,false,
2026-08-08,求人ボックス,建設作業員,北海道,完全未経験OK!建設工事などの現場作業員／残業少なめ／季節雇用もOK,株式会社北菱,〒076-0038 北海道富良野市桂木町1-17,北海道,富良野市,桂木町,1,17,,"日給12,000円～16,000円",日給,12000,16000,day,契約社員 試用期間 無し。 契約期間 契約期間の定めあり（1年更新） ※季節雇用も可。ご相談ください。,,https://xn--pckua2a7gp15o89zb.com/jb/1b303d3d0e88d0031b44145c3c080619,"https://xn--pckua2a7gp15o89zb.com/%E5%BB%BA%E8%A8%AD%E4%BD%9C%E6%A5%AD%E5%93%A1の仕事-%E5%8C%97%E6%B5%B7%E9%81%93?e=5,3,4&q=not%3A%E5%93%81%E5%87%BA%E3%81%97%20not%3A%E3%83%AC%E3%82%B8%20not%3A%E8%B2%A9%E5%A3%B2%20not%3A%E6%8E%A5%E5%AE%A2%20not%3A%E5%A3%B2%E5%A0%B4%20not%3A%E5%A3%B2%E3%82%8A%E5%A0%B4%20not%3A%E5%BA%97%E8%88%97%E3%82%B9%E3%82%BF%E3%83%83%E3%83%95%20not%3A%E3%82%B7%E3%83%A7%E3%83%83%E3%83%97%E3%82%B9%E3%82%BF%E3%83%83%E3%83%95%20not%3A%E8%B2%A9%E5%A3%B2%E5%93%A1%20not%3A%E5%95%86%E5%93%81%E7%AE%A1%E7%90%86%20not%3A%E3%83%89%E3%83%A9%E3%83%83%E3%82%B0%E3%82%B9%E3%83%88%E3%82%A2%20not%3A%E3%83%9B%E3%83%BC%E3%83%A0%E3%82%BB%E3%83%B3%E3%82%BF%E3%83%BC%20not%3A%E5%96%B6%E6%A5%AD%20not%3A%E3%83%AB%E3%83%BC%E3%83%88%E5%96%B6%E6%A5%AD%20not%3A%E6%8F%90%E6%A1%88%E5%96%B6%E6%A5%AD%20not%3A%E5%8F%8D%E9%9F%BF%E5%96%B6%E6%A5%AD%20not%3A%E4%B8%8D%E5%8B%95%E7%94%A3%E5%96%B6%E6%A5%AD%20not%3A%E4%BD%8F%E5%AE%85%E5%96%B6%E6%A5%AD%20not%3A%E4%BA%8B%E5%8B%99%20not%3A%E4%B8%80%E8%88%AC%E4%BA%8B%E5%8B%99%20not%3A%E5%96%B6%E6%A5%AD%E4%BA%8B%E5%8B%99%20not%3A%E5%8F%97%E4%BB%98%20not%3A%E7%B5%8C%E7%90%86%20not%3A%E7%B7%8F%E5%8B%99%20not%3A%E4%BA%BA%E4%BA%8B%20not%3A%E6%96%BD%E5%B7%A5%E7%AE%A1%E7%90%86%20not%3A%E7%8F%BE%E5%A0%B4%E7%9B%A3%E7%9D%A3%20not%3A%E5%BB%BA%E7%AF%89%E5%A3%AB%20not%3A%E8%A8%AD%E8%A8%88%20not%3ACAD%20not%3A%E7%A9%8D%E7%AE%97%20not%3A%E5%B7%A5%E7%A8%8B%E7%AE%A1%E7%90%86%20not%3A%E5%93%81%E8%B3%AA%E7%AE%A1%E7%90%86%20not%3A%E3%83%89%E3%83%A9%E3%82%A4%E3%83%90%E3%83%BC%20not%3A%E9%85%8D%E9%80%81%20not%3A%E9%85%8D%E9%81%94%20not%3A%E9%81%8B%E8%BB%A2%E6%89%8B%20not%3A%E5%80%89%E5%BA%AB%20not%3A%E7%89%A9%E6%B5%81%20not%3A%E3%83%95%E3%82%A9%E3%83%BC%E3%82%AF%E3%83%AA%E3%83%95%E3%83%88%20not%3A%E3%83%94%E3%83%83%E3%82%AD%E3%83%B3%E3%82%B0%20not%3A%E8%A3%BD%E9%80%A0%E3%82%AA%E3%83%9A%E3%83%AC%E3%83%BC%E3%82%BF%E3%83%BC%20not%3A%E5%B7%A5%E5%A0%B4%E4%BD%9C%E6%A5%AD%20not%3A%E3%83%A9%E3%82%A4%E3%83%B3%E4%BD%9C%E6%A5%AD%20not%3A%E6%A4%9C%E6%9F%BB%E5%93%A1%20not%3A%E7%B5%84%E7%AB%8B%E5%B7%A5%20not%3A%E8%AD%A6%E5%82%99%20not%3A%E6%B8%85%E6%8E%83%20not%3A%E4%BB%8B%E8%AD%B7%20not%3A%E7%9C%8B%E8%AD%B7%20not%3A%E4%BF%9D%E8%82%B2",false,false,
2026-08-08,求人ボックス,舗装作業員,北海道,50代も活躍中／舗装作業員 準社員登用で手当・昇給・賞与あり,菱中建設株式会社,北海道室蘭市日の出町2丁目4-1 勤務先情報補足 北海道登別市大和町1-8-23 （イブリアスコン共同体詰所）,北海道,室蘭市,日の出町,2,,,"月給240,000～332,000円",月給,240000,332000,month,契約社員,,https://xn--pckua2a7gp15o89zb.com/jb/404056ff560fdada9d66fbb09070787b,"https://xn--pckua2a7gp15o89zb.com/%E8%88%97%E8%A3%85%E4%BD%9C%E6%A5%AD%E5%93%A1の仕事-%E5%8C%97%E6%B5%B7%E9%81%93?e=5,3,4&q=not%3A%E5%93%81%E5%87%BA%E3%81%97%20not%3A%E3%83%AC%E3%82%B8%20not%3A%E8%B2%A9%E5%A3%B2%20not%3A%E6%8E%A5%E5%AE%A2%20not%3A%E5%A3%B2%E5%A0%B4%20not%3A%E5%A3%B2%E3%82%8A%E5%A0%B4%20not%3A%E5%BA%97%E8%88%97%E3%82%B9%E3%82%BF%E3%83%83%E3%83%95%20not%3A%E3%82%B7%E3%83%A7%E3%83%83%E3%83%97%E3%82%B9%E3%82%BF%E3%83%83%E3%83%95%20not%3A%E8%B2%A9%E5%A3%B2%E5%93%A1%20not%3A%E5%95%86%E5%93%81%E7%AE%A1%E7%90%86%20not%3A%E3%83%89%E3%83%A9%E3%83%83%E3%82%B0%E3%82%B9%E3%83%88%E3%82%A2%20not%3A%E3%83%9B%E3%83%BC%E3%83%A0%E3%82%BB%E3%83%B3%E3%82%BF%E3%83%BC%20not%3A%E5%96%B6%E6%A5%AD%20not%3A%E3%83%AB%E3%83%BC%E3%83%88%E5%96%B6%E6%A5%AD%20not%3A%E6%8F%90%E6%A1%88%E5%96%B6%E6%A5%AD%20not%3A%E5%8F%8D%E9%9F%BF%E5%96%B6%E6%A5%AD%20not%3A%E4%B8%8D%E5%8B%95%E7%94%A3%E5%96%B6%E6%A5%AD%20not%3A%E4%BD%8F%E5%AE%85%E5%96%B6%E6%A5%AD%20not%3A%E4%BA%8B%E5%8B%99%20not%3A%E4%B8%80%E8%88%AC%E4%BA%8B%E5%8B%99%20not%3A%E5%96%B6%E6%A5%AD%E4%BA%8B%E5%8B%99%20not%3A%E5%8F%97%E4%BB%98%20not%3A%E7%B5%8C%E7%90%86%20not%3A%E7%B7%8F%E5%8B%99%20not%3A%E4%BA%BA%E4%BA%8B%20not%3A%E6%96%BD%E5%B7%A5%E7%AE%A1%E7%90%86%20not%3A%E7%8F%BE%E5%A0%B4%E7%9B%A3%E7%9D%A3%20not%3A%E5%BB%BA%E7%AF%89%E5%A3%AB%20not%3A%E8%A8%AD%E8%A8%88%20not%3ACAD%20not%3A%E7%A9%8D%E7%AE%97%20not%3A%E5%B7%A5%E7%A8%8B%E7%AE%A1%E7%90%86%20not%3A%E5%93%81%E8%B3%AA%E7%AE%A1%E7%90%86%20not%3A%E3%83%89%E3%83%A9%E3%82%A4%E3%83%90%E3%83%BC%20not%3A%E9%85%8D%E9%80%81%20not%3A%E9%85%8D%E9%81%94%20not%3A%E9%81%8B%E8%BB%A2%E6%89%8B%20not%3A%E5%80%89%E5%BA%AB%20not%3A%E7%89%A9%E6%B5%81%20not%3A%E3%83%95%E3%82%A9%E3%83%BC%E3%82%AF%E3%83%AA%E3%83%95%E3%83%88%20not%3A%E3%83%94%E3%83%83%E3%82%AD%E3%83%B3%E3%82%B0%20not%3A%E8%A3%BD%E9%80%A0%E3%82%AA%E3%83%9A%E3%83%AC%E3%83%BC%E3%82%BF%E3%83%BC%20not%3A%E5%B7%A5%E5%A0%B4%E4%BD%9C%E6%A5%AD%20not%3A%E3%83%A9%E3%82%A4%E3%83%B3%E4%BD%9C%E6%A5%AD%20not%3A%E6%A4%9C%E6%9F%BB%E5%93%A1%20not%3A%E7%B5%84%E7%AB%8B%E5%B7%A5%20not%3A%E8%AD%A6%E5%82%99%20not%3A%E6%B8%85%E6%8E%83%20not%3A%E4%BB%8B%E8%AD%B7%20not%3A%E7%9C%8B%E8%AD%B7%20not%3A%E4%BF%9D%E8%82%B2",false,false,
2026-08-08,求人ボックス,舗装作業員,北海道,舗装工事 従事者募集! 社員登用制度あり,あすなろ道路株式会社,北海道,北海道,,,,,,月給180000円 ～ 300000円,月給,180000,300000,month,契約社員 試用期間 試用期間あり 契約期間 ※求人票に記載が無い場合、お問い合わせいただければ内定時までに開示します。,,https://xn--pckua2a7gp15o89zb.com/jb/e957ca31f7cdce4c4051b1b1d099a49d,"https://xn--pckua2a7gp15o89zb.com/%E8%88%97%E8%A3%85%E4%BD%9C%E6%A5%AD%E5%93%A1の仕事-%E5%8C%97%E6%B5%B7%E9%81%93?e=5,3,4&q=not%3A%E5%93%81%E5%87%BA%E3%81%97%20not%3A%E3%83%AC%E3%82%B8%20not%3A%E8%B2%A9%E5%A3%B2%20not%3A%E6%8E%A5%E5%AE%A2%20not%3A%E5%A3%B2%E5%A0%B4%20not%3A%E5%A3%B2%E3%82%8A%E5%A0%B4%20not%3A%E5%BA%97%E8%88%97%E3%82%B9%E3%82%BF%E3%83%83%E3%83%95%20not%3A%E3%82%B7%E3%83%A7%E3%83%83%E3%83%97%E3%82%B9%E3%82%BF%E3%83%83%E3%83%95%20not%3A%E8%B2%A9%E5%A3%B2%E5%93%A1%20not%3A%E5%95%86%E5%93%81%E7%AE%A1%E7%90%86%20not%3A%E3%83%89%E3%83%A9%E3%83%83%E3%82%B0%E3%82%B9%E3%83%88%E3%82%A2%20not%3A%E3%83%9B%E3%83%BC%E3%83%A0%E3%82%BB%E3%83%B3%E3%82%BF%E3%83%BC%20not%3A%E5%96%B6%E6%A5%AD%20not%3A%E3%83%AB%E3%83%BC%E3%83%88%E5%96%B6%E6%A5%AD%20not%3A%E6%8F%90%E6%A1%88%E5%96%B6%E6%A5%AD%20not%3A%E5%8F%8D%E9%9F%BF%E5%96%B6%E6%A5%AD%20not%3A%E4%B8%8D%E5%8B%95%E7%94%A3%E5%96%B6%E6%A5%AD%20not%3A%E4%BD%8F%E5%AE%85%E5%96%B6%E6%A5%AD%20not%3A%E4%BA%8B%E5%8B%99%20not%3A%E4%B8%80%E8%88%AC%E4%BA%8B%E5%8B%99%20not%3A%E5%96%B6%E6%A5%AD%E4%BA%8B%E5%8B%99%20not%3A%E5%8F%97%E4%BB%98%20not%3A%E7%B5%8C%E7%90%86%20not%3A%E7%B7%8F%E5%8B%99%20not%3A%E4%BA%BA%E4%BA%8B%20not%3A%E6%96%BD%E5%B7%A5%E7%AE%A1%E7%90%86%20not%3A%E7%8F%BE%E5%A0%B4%E7%9B%A3%E7%9D%A3%20not%3A%E5%BB%BA%E7%AF%89%E5%A3%AB%20not%3A%E8%A8%AD%E8%A8%88%20not%3ACAD%20not%3A%E7%A9%8D%E7%AE%97%20not%3A%E5%B7%A5%E7%A8%8B%E7%AE%A1%E7%90%86%20not%3A%E5%93%81%E8%B3%AA%E7%AE%A1%E7%90%86%20not%3A%E3%83%89%E3%83%A9%E3%82%A4%E3%83%90%E3%83%BC%20not%3A%E9%85%8D%E9%80%81%20not%3A%E9%85%8D%E9%81%94%20not%3A%E9%81%8B%E8%BB%A2%E6%89%8B%20not%3A%E5%80%89%E5%BA%AB%20not%3A%E7%89%A9%E6%B5%81%20not%3A%E3%83%95%E3%82%A9%E3%83%BC%E3%82%AF%E3%83%AA%E3%83%95%E3%83%88%20not%3A%E3%83%94%E3%83%83%E3%82%AD%E3%83%B3%E3%82%B0%20not%3A%E8%A3%BD%E9%80%A0%E3%82%AA%E3%83%9A%E3%83%AC%E3%83%BC%E3%82%BF%E3%83%BC%20not%3A%E5%B7%A5%E5%A0%B4%E4%BD%9C%E6%A5%AD%20not%3A%E3%83%A9%E3%82%A4%E3%83%B3%E4%BD%9C%E6%A5%AD%20not%3A%E6%A4%9C%E6%9F%BB%E5%93%A1%20not%3A%E7%B5%84%E7%AB%8B%E5%B7%A5%20not%3A%E8%AD%A6%E5%82%99%20not%3A%E6%B8%85%E6%8E%83%20not%3A%E4%BB%8B%E8%AD%B7%20not%3A%E7%9C%8B%E8%AD%B7%20not%3A%E4%BF%9D%E8%82%B2",false,false,
2026-08-08,求人ボックス,舗装作業員,北海道,道路舗装工事の現場作業スタッフ,青木建設株式会社,北海道 芽室町 芽室駅,北海道,芽室町,芽室,,,,月給20万円～47万円,月給,200000,470000,month,契約社員,1日前,https://xn--pckua2a7gp15o89zb.com/jb/a784bb2cbad423c0829c08d1a9d57280,"https://xn--pckua2a7gp15o89zb.com/%E8%88%97%E8%A3%85%E4%BD%9C%E6%A5%AD%E5%93%A1の仕事-%E5%8C%97%E6%B5%B7%E9%81%93?e=5,3,4&q=not%3A%E5%93%81%E5%87%BA%E3%81%97%20not%3A%E3%83%AC%E3%82%B8%20not%3A%E8%B2%A9%E5%A3%B2%20not%3A%E6%8E%A5%E5%AE%A2%20not%3A%E5%A3%B2%E5%A0%B4%20not%3A%E5%A3%B2%E3%82%8A%E5%A0%B4%20not%3A%E5%BA%97%E8%88%97%E3%82%B9%E3%82%BF%E3%83%83%E3%83%95%20not%3A%E3%82%B7%E3%83%A7%E3%83%83%E3%83%97%E3%82%B9%E3%82%BF%E3%83%83%E3%83%95%20not%3A%E8%B2%A9%E5%A3%B2%E5%93%A1%20not%3A%E5%95%86%E5%93%81%E7%AE%A1%E7%90%86%20not%3A%E3%83%89%E3%83%A9%E3%83%83%E3%82%B0%E3%82%B9%E3%83%88%E3%82%A2%20not%3A%E3%83%9B%E3%83%BC%E3%83%A0%E3%82%BB%E3%83%B3%E3%82%BF%E3%83%BC%20not%3A%E5%96%B6%E6%A5%AD%20not%3A%E3%83%AB%E3%83%BC%E3%83%88%E5%96%B6%E6%A5%AD%20not%3A%E6%8F%90%E6%A1%88%E5%96%B6%E6%A5%AD%20not%3A%E5%8F%8D%E9%9F%BF%E5%96%B6%E6%A5%AD%20not%3A%E4%B8%8D%E5%8B%95%E7%94%A3%E5%96%B6%E6%A5%AD%20not%3A%E4%BD%8F%E5%AE%85%E5%96%B6%E6%A5%AD%20not%3A%E4%BA%8B%E5%8B%99%20not%3A%E4%B8%80%E8%88%AC%E4%BA%8B%E5%8B%99%20not%3A%E5%96%B6%E6%A5%AD%E4%BA%8B%E5%8B%99%20not%3A%E5%8F%97%E4%BB%98%20not%3A%E7%B5%8C%E7%90%86%20not%3A%E7%B7%8F%E5%8B%99%20not%3A%E4%BA%BA%E4%BA%8B%20not%3A%E6%96%BD%E5%B7%A5%E7%AE%A1%E7%90%86%20not%3A%E7%8F%BE%E5%A0%B4%E7%9B%A3%E7%9D%A3%20not%3A%E5%BB%BA%E7%AF%89%E5%A3%AB%20not%3A%E8%A8%AD%E8%A8%88%20not%3ACAD%20not%3A%E7%A9%8D%E7%AE%97%20not%3A%E5%B7%A5%E7%A8%8B%E7%AE%A1%E7%90%86%20not%3A%E5%93%81%E8%B3%AA%E7%AE%A1%E7%90%86%20not%3A%E3%83%89%E3%83%A9%E3%82%A4%E3%83%90%E3%83%BC%20not%3A%E9%85%8D%E9%80%81%20not%3A%E9%85%8D%E9%81%94%20not%3A%E9%81%8B%E8%BB%A2%E6%89%8B%20not%3A%E5%80%89%E5%BA%AB%20not%3A%E7%89%A9%E6%B5%81%20not%3A%E3%83%95%E3%82%A9%E3%83%BC%E3%82%AF%E3%83%AA%E3%83%95%E3%83%88%20not%3A%E3%83%94%E3%83%83%E3%82%AD%E3%83%B3%E3%82%B0%20not%3A%E8%A3%BD%E9%80%A0%E3%82%AA%E3%83%9A%E3%83%AC%E3%83%BC%E3%82%BF%E3%83%BC%20not%3A%E5%B7%A5%E5%A0%B4%E4%BD%9C%E6%A5%AD%20not%3A%E3%83%A9%E3%82%A4%E3%83%B3%E4%BD%9C%E6%A5%AD%20not%3A%E6%A4%9C%E6%9F%BB%E5%93%A1%20not%3A%E7%B5%84%E7%AB%8B%E5%B7%A5%20not%3A%E8%AD%A6%E5%82%99%20not%3A%E6%B8%85%E6%8E%83%20not%3A%E4%BB%8B%E8%AD%B7%20not%3A%E7%9C%8B%E8%AD%B7%20not%3A%E4%BF%9D%E8%82%B2",false,false,
2026-08-08,求人ボックス,舗装作業員,北海道,道路舗装補助・敷地整備,大同舗道株式会社,北海道 池田町 利別駅 車4分,北海道,池田町,利別,,,,月給30万円 / 賞与あり・昇給あり,月給,300000,300000,month,契約社員,5日前,https://xn--pckua2a7gp15o89zb.com/jb/3d525cde097372d91c8ea7783111953a,"https://xn--pckua2a7gp15o89zb.com/%E8%88%97%E8%A3%85%E4%BD%9C%E6%A5%AD%E5%93%A1の仕事-%E5%8C%97%E6%B5%B7%E9%81%93?e=5,3,4&q=not%3A%E5%93%81%E5%87%BA%E3%81%97%20not%3A%E3%83%AC%E3%82%B8%20not%3A%E8%B2%A9%E5%A3%B2%20not%3A%E6%8E%A5%E5%AE%A2%20not%3A%E5%A3%B2%E5%A0%B4%20not%3A%E5%A3%B2%E3%82%8A%E5%A0%B4%20not%3A%E5%BA%97%E8%88%97%E3%82%B9%E3%82%BF%E3%83%83%E3%83%95%20not%3A%E3%82%B7%E3%83%A7%E3%83%83%E3%83%97%E3%82%B9%E3%82%BF%E3%83%83%E3%83%95%20not%3A%E8%B2%A9%E5%A3%B2%E5%93%A1%20not%3A%E5%95%86%E5%93%81%E7%AE%A1%E7%90%86%20not%3A%E3%83%89%E3%83%A9%E3%83%83%E3%82%B0%E3%82%B9%E3%83%88%E3%82%A2%20not%3A%E3%83%9B%E3%83%BC%E3%83%A0%E3%82%BB%E3%83%B3%E3%82%BF%E3%83%BC%20not%3A%E5%96%B6%E6%A5%AD%20not%3A%E3%83%AB%E3%83%BC%E3%83%88%E5%96%B6%E6%A5%AD%20not%3A%E6%8F%90%E6%A1%88%E5%96%B6%E6%A5%AD%20not%3A%E5%8F%8D%E9%9F%BF%E5%96%B6%E6%A5%AD%20not%3A%E4%B8%8D%E5%8B%95%E7%94%A3%E5%96%B6%E6%A5%AD%20not%3A%E4%BD%8F%E5%AE%85%E5%96%B6%E6%A5%AD%20not%3A%E4%BA%8B%E5%8B%99%20not%3A%E4%B8%80%E8%88%AC%E4%BA%8B%E5%8B%99%20not%3A%E5%96%B6%E6%A5%AD%E4%BA%8B%E5%8B%99%20not%3A%E5%8F%97%E4%BB%98%20not%3A%E7%B5%8C%E7%90%86%20not%3A%E7%B7%8F%E5%8B%99%20not%3A%E4%BA%BA%E4%BA%8B%20not%3A%E6%96%BD%E5%B7%A5%E7%AE%A1%E7%90%86%20not%3A%E7%8F%BE%E5%A0%B4%E7%9B%A3%E7%9D%A3%20not%3A%E5%BB%BA%E7%AF%89%E5%A3%AB%20not%3A%E8%A8%AD%E8%A8%88%20not%3ACAD%20not%3A%E7%A9%8D%E7%AE%97%20not%3A%E5%B7%A5%E7%A8%8B%E7%AE%A1%E7%90%86%20not%3A%E5%93%81%E8%B3%AA%E7%AE%A1%E7%90%86%20not%3A%E3%83%89%E3%83%A9%E3%82%A4%E3%83%90%E3%83%BC%20not%3A%E9%85%8D%E9%80%81%20not%3A%E9%85%8D%E9%81%94%20not%3A%E9%81%8B%E8%BB%A2%E6%89%8B%20not%3A%E5%80%89%E5%BA%AB%20not%3A%E7%89%A9%E6%B5%81%20not%3A%E3%83%95%E3%82%A9%E3%83%BC%E3%82%AF%E3%83%AA%E3%83%95%E3%83%88%20not%3A%E3%83%94%E3%83%83%E3%82%AD%E3%83%B3%E3%82%B0%20not%3A%E8%A3%BD%E9%80%A0%E3%82%AA%E3%83%9A%E3%83%AC%E3%83%BC%E3%82%BF%E3%83%BC%20not%3A%E5%B7%A5%E5%A0%B4%E4%BD%9C%E6%A5%AD%20not%3A%E3%83%A9%E3%82%A4%E3%83%B3%E4%BD%9C%E6%A5%AD%20not%3A%E6%A4%9C%E6%9F%BB%E5%93%A1%20not%3A%E7%B5%84%E7%AB%8B%E5%B7%A5%20not%3A%E8%AD%A6%E5%82%99%20not%3A%E6%B8%85%E6%8E%83%20not%3A%E4%BB%8B%E8%AD%B7%20not%3A%E7%9C%8B%E8%AD%B7%20not%3A%E4%BF%9D%E8%82%B2",false,false,
2026-08-08,求人ボックス,舗装作業員,北海道,土木・舗装工事スタッフ,藤岡妻神株式会社,北海道 妹背牛町 妹背牛駅 車5分,北海道,妹背牛町,妹背牛,,,,"日給1万3,000円～1万9,000円",日給,13000,19000,day,契約社員,14日以上前,https://xn--pckua2a7gp15o89zb.com/jb/447d0a0561bd286f97e651d8eb8c2f3a,"https://xn--pckua2a7gp15o89zb.com/%E8%88%97%E8%A3%85%E4%BD%9C%E6%A5%AD%E5%93%A1の仕事-%E5%8C%97%E6%B5%B7%E9%81%93?e=5,3,4&q=not%3A%E5%93%81%E5%87%BA%E3%81%97%20not%3A%E3%83%AC%E3%82%B8%20not%3A%E8%B2%A9%E5%A3%B2%20not%3A%E6%8E%A5%E5%AE%A2%20not%3A%E5%A3%B2%E5%A0%B4%20not%3A%E5%A3%B2%E3%82%8A%E5%A0%B4%20not%3A%E5%BA%97%E8%88%97%E3%82%B9%E3%82%BF%E3%83%83%E3%83%95%20not%3A%E3%82%B7%E3%83%A7%E3%83%83%E3%83%97%E3%82%B9%E3%82%BF%E3%83%83%E3%83%95%20not%3A%E8%B2%A9%E5%A3%B2%E5%93%A1%20not%3A%E5%95%86%E5%93%81%E7%AE%A1%E7%90%86%20not%3A%E3%83%89%E3%83%A9%E3%83%83%E3%82%B0%E3%82%B9%E3%83%88%E3%82%A2%20not%3A%E3%83%9B%E3%83%BC%E3%83%A0%E3%82%BB%E3%83%B3%E3%82%BF%E3%83%BC%20not%3A%E5%96%B6%E6%A5%AD%20not%3A%E3%83%AB%E3%83%BC%E3%83%88%E5%96%B6%E6%A5%AD%20not%3A%E6%8F%90%E6%A1%88%E5%96%B6%E6%A5%AD%20not%3A%E5%8F%8D%E9%9F%BF%E5%96%B6%E6%A5%AD%20not%3A%E4%B8%8D%E5%8B%95%E7%94%A3%E5%96%B6%E6%A5%AD%20not%3A%E4%BD%8F%E5%AE%85%E5%96%B6%E6%A5%AD%20not%3A%E4%BA%8B%E5%8B%99%20not%3A%E4%B8%80%E8%88%AC%E4%BA%8B%E5%8B%99%20not%3A%E5%96%B6%E6%A5%AD%E4%BA%8B%E5%8B%99%20not%3A%E5%8F%97%E4%BB%98%20not%3A%E7%B5%8C%E7%90%86%20not%3A%E7%B7%8F%E5%8B%99%20not%3A%E4%BA%BA%E4%BA%8B%20not%3A%E6%96%BD%E5%B7%A5%E7%AE%A1%E7%90%86%20not%3A%E7%8F%BE%E5%A0%B4%E7%9B%A3%E7%9D%A3%20not%3A%E5%BB%BA%E7%AF%89%E5%A3%AB%20not%3A%E8%A8%AD%E8%A8%88%20not%3ACAD%20not%3A%E7%A9%8D%E7%AE%97%20not%3A%E5%B7%A5%E7%A8%8B%E7%AE%A1%E7%90%86%20not%3A%E5%93%81%E8%B3%AA%E7%AE%A1%E7%90%86%20not%3A%E3%83%89%E3%83%A9%E3%82%A4%E3%83%90%E3%83%BC%20not%3A%E9%85%8D%E9%80%81%20not%3A%E9%85%8D%E9%81%94%20not%3A%E9%81%8B%E8%BB%A2%E6%89%8B%20not%3A%E5%80%89%E5%BA%AB%20not%3A%E7%89%A9%E6%B5%81%20not%3A%E3%83%95%E3%82%A9%E3%83%BC%E3%82%AF%E3%83%AA%E3%83%95%E3%83%88%20not%3A%E3%83%94%E3%83%83%E3%82%AD%E3%83%B3%E3%82%B0%20not%3A%E8%A3%BD%E9%80%A0%E3%82%AA%E3%83%9A%E3%83%AC%E3%83%BC%E3%82%BF%E3%83%BC%20not%3A%E5%B7%A5%E5%A0%B4%E4%BD%9C%E6%A5%AD%20not%3A%E3%83%A9%E3%82%A4%E3%83%B3%E4%BD%9C%E6%A5%AD%20not%3A%E6%A4%9C%E6%9F%BB%E5%93%A1%20not%3A%E7%B5%84%E7%AB%8B%E5%B7%A5%20not%3A%E8%AD%A6%E5%82%99%20not%3A%E6%B8%85%E6%8E%83%20not%3A%E4%BB%8B%E8%AD%B7%20not%3A%E7%9C%8B%E8%AD%B7%20not%3A%E4%BF%9D%E8%82%B2",false,false,
2026-08-08,求人ボックス,重機オペレーター,北海道,土木作業員 重機オペレーター,アース・プラン株式会社,北海道帯広市 北海道北海道全域,北海道,帯広市,北海道北海道全域,,,,"日給9,000円～1万3,500円",日給,9000,13500,day,正社員 / アルバイト・パート / 契約社員,2025-06-17,https://xn--pckua2a7gp15o89zb.com/jbn/661665438c0f691530d99a5902eafa08,"https://xn--pckua2a7gp15o89zb.com/%E9%87%8D%E6%A9%9F%E3%82%AA%E3%83%9A%E3%83%AC%E3%83%BC%E3%82%BF%E3%83%BCの仕事-%E5%8C%97%E6%B5%B7%E9%81%93?e=5,3,4&q=not%3A%E5%93%81%E5%87%BA%E3%81%97%20not%3A%E3%83%AC%E3%82%B8%20not%3A%E8%B2%A9%E5%A3%B2%20not%3A%E6%8E%A5%E5%AE%A2%20not%3A%E5%A3%B2%E5%A0%B4%20not%3A%E5%A3%B2%E3%82%8A%E5%A0%B4%20not%3A%E5%BA%97%E8%88%97%E3%82%B9%E3%82%BF%E3%83%83%E3%83%95%20not%3A%E3%82%B7%E3%83%A7%E3%83%83%E3%83%97%E3%82%B9%E3%82%BF%E3%83%83%E3%83%95%20not%3A%E8%B2%A9%E5%A3%B2%E5%93%A1%20not%3A%E5%95%86%E5%93%81%E7%AE%A1%E7%90%86%20not%3A%E3%83%89%E3%83%A9%E3%83%83%E3%82%B0%E3%82%B9%E3%83%88%E3%82%A2%20not%3A%E3%83%9B%E3%83%BC%E3%83%A0%E3%82%BB%E3%83%B3%E3%82%BF%E3%83%BC%20not%3A%E5%96%B6%E6%A5%AD%20not%3A%E3%83%AB%E3%83%BC%E3%83%88%E5%96%B6%E6%A5%AD%20not%3A%E6%8F%90%E6%A1%88%E5%96%B6%E6%A5%AD%20not%3A%E5%8F%8D%E9%9F%BF%E5%96%B6%E6%A5%AD%20not%3A%E4%B8%8D%E5%8B%95%E7%94%A3%E5%96%B6%E6%A5%AD%20not%3A%E4%BD%8F%E5%AE%85%E5%96%B6%E6%A5%AD%20not%3A%E4%BA%8B%E5%8B%99%20not%3A%E4%B8%80%E8%88%AC%E4%BA%8B%E5%8B%99%20not%3A%E5%96%B6%E6%A5%AD%E4%BA%8B%E5%8B%99%20not%3A%E5%8F%97%E4%BB%98%20not%3A%E7%B5%8C%E7%90%86%20not%3A%E7%B7%8F%E5%8B%99%20not%3A%E4%BA%BA%E4%BA%8B%20not%3A%E6%96%BD%E5%B7%A5%E7%AE%A1%E7%90%86%20not%3A%E7%8F%BE%E5%A0%B4%E7%9B%A3%E7%9D%A3%20not%3A%E5%BB%BA%E7%AF%89%E5%A3%AB%20not%3A%E8%A8%AD%E8%A8%88%20not%3ACAD%20not%3A%E7%A9%8D%E7%AE%97%20not%3A%E5%B7%A5%E7%A8%8B%E7%AE%A1%E7%90%86%20not%3A%E5%93%81%E8%B3%AA%E7%AE%A1%E7%90%86%20not%3A%E3%83%89%E3%83%A9%E3%82%A4%E3%83%90%E3%83%BC%20not%3A%E9%85%8D%E9%80%81%20not%3A%E9%85%8D%E9%81%94%20not%3A%E9%81%8B%E8%BB%A2%E6%89%8B%20not%3A%E5%80%89%E5%BA%AB%20not%3A%E7%89%A9%E6%B5%81%20not%3A%E3%83%95%E3%82%A9%E3%83%BC%E3%82%AF%E3%83%AA%E3%83%95%E3%83%88%20not%3A%E3%83%94%E3%83%83%E3%82%AD%E3%83%B3%E3%82%B0%20not%3A%E8%A3%BD%E9%80%A0%E3%82%AA%E3%83%9A%E3%83%AC%E3%83%BC%E3%82%BF%E3%83%BC%20not%3A%E5%B7%A5%E5%A0%B4%E4%BD%9C%E6%A5%AD%20not%3A%E3%83%A9%E3%82%A4%E3%83%B3%E4%BD%9C%E6%A5%AD%20not%3A%E6%A4%9C%E6%9F%BB%E5%93%A1%20not%3A%E7%B5%84%E7%AB%8B%E5%B7%A5%20not%3A%E8%AD%A6%E5%82%99%20not%3A%E6%B8%85%E6%8E%83%20not%3A%E4%BB%8B%E8%AD%B7%20not%3A%E7%9C%8B%E8%AD%B7%20not%3A%E4%BF%9D%E8%82%B2",true,false,
2026-08-08,求人ボックス,重機オペレーター,北海道,重機オペレーター,田中産業株式会社,〒068-1215 北海道岩見沢市北村幌達布5322,北海道,岩見沢市,北村幌達布,,,,日給11000円〜13000円,日給,11000,13000,day,契約社員,5日前,https://xn--pckua2a7gp15o89zb.com/jb/b901b0926ee317f777092d296f902dd8,"https://xn--pckua2a7gp15o89zb.com/%E9%87%8D%E6%A9%9F%E3%82%AA%E3%83%9A%E3%83%AC%E3%83%BC%E3%82%BF%E3%83%BCの仕事-%E5%8C%97%E6%B5%B7%E9%81%93?e=5,3,4&q=not%3A%E5%93%81%E5%87%BA%E3%81%97%20not%3A%E3%83%AC%E3%82%B8%20not%3A%E8%B2%A9%E5%A3%B2%20not%3A%E6%8E%A5%E5%AE%A2%20not%3A%E5%A3%B2%E5%A0%B4%20not%3A%E5%A3%B2%E3%82%8A%E5%A0%B4%20not%3A%E5%BA%97%E8%88%97%E3%82%B9%E3%82%BF%E3%83%83%E3%83%95%20not%3A%E3%82%B7%E3%83%A7%E3%83%83%E3%83%97%E3%82%B9%E3%82%BF%E3%83%83%E3%83%95%20not%3A%E8%B2%A9%E5%A3%B2%E5%93%A1%20not%3A%E5%95%86%E5%93%81%E7%AE%A1%E7%90%86%20not%3A%E3%83%89%E3%83%A9%E3%83%83%E3%82%B0%E3%82%B9%E3%83%88%E3%82%A2%20not%3A%E3%83%9B%E3%83%BC%E3%83%A0%E3%82%BB%E3%83%B3%E3%82%BF%E3%83%BC%20not%3A%E5%96%B6%E6%A5%AD%20not%3A%E3%83%AB%E3%83%BC%E3%83%88%E5%96%B6%E6%A5%AD%20not%3A%E6%8F%90%E6%A1%88%E5%96%B6%E6%A5%AD%20not%3A%E5%8F%8D%E9%9F%BF%E5%96%B6%E6%A5%AD%20not%3A%E4%B8%8D%E5%8B%95%E7%94%A3%E5%96%B6%E6%A5%AD%20not%3A%E4%BD%8F%E5%AE%85%E5%96%B6%E6%A5%AD%20not%3A%E4%BA%8B%E5%8B%99%20not%3A%E4%B8%80%E8%88%AC%E4%BA%8B%E5%8B%99%20not%3A%E5%96%B6%E6%A5%AD%E4%BA%8B%E5%8B%99%20not%3A%E5%8F%97%E4%BB%98%20not%3A%E7%B5%8C%E7%90%86%20not%3A%E7%B7%8F%E5%8B%99%20not%3A%E4%BA%BA%E4%BA%8B%20not%3A%E6%96%BD%E5%B7%A5%E7%AE%A1%E7%90%86%20not%3A%E7%8F%BE%E5%A0%B4%E7%9B%A3%E7%9D%A3%20not%3A%E5%BB%BA%E7%AF%89%E5%A3%AB%20not%3A%E8%A8%AD%E8%A8%88%20not%3ACAD%20not%3A%E7%A9%8D%E7%AE%97%20not%3A%E5%B7%A5%E7%A8%8B%E7%AE%A1%E7%90%86%20not%3A%E5%93%81%E8%B3%AA%E7%AE%A1%E7%90%86%20not%3A%E3%83%89%E3%83%A9%E3%82%A4%E3%83%90%E3%83%BC%20not%3A%E9%85%8D%E9%80%81%20not%3A%E9%85%8D%E9%81%94%20not%3A%E9%81%8B%E8%BB%A2%E6%89%8B%20not%3A%E5%80%89%E5%BA%AB%20not%3A%E7%89%A9%E6%B5%81%20not%3A%E3%83%95%E3%82%A9%E3%83%BC%E3%82%AF%E3%83%AA%E3%83%95%E3%83%88%20not%3A%E3%83%94%E3%83%83%E3%82%AD%E3%83%B3%E3%82%B0%20not%3A%E8%A3%BD%E9%80%A0%E3%82%AA%E3%83%9A%E3%83%AC%E3%83%BC%E3%82%BF%E3%83%BC%20not%3A%E5%B7%A5%E5%A0%B4%E4%BD%9C%E6%A5%AD%20not%3A%E3%83%A9%E3%82%A4%E3%83%B3%E4%BD%9C%E6%A5%AD%20not%3A%E6%A4%9C%E6%9F%BB%E5%93%A1%20not%3A%E7%B5%84%E7%AB%8B%E5%B7%A5%20not%3A%E8%AD%A6%E5%82%99%20not%3A%E6%B8%85%E6%8E%83%20not%3A%E4%BB%8B%E8%AD%B7%20not%3A%E7%9C%8B%E8%AD%B7%20not%3A%E4%BF%9D%E8%82%B2",false,false,
2026-08-08,求人ボックス,重機オペレーター,北海道,船上作業の重機オペレーター／寮完備／土日休／業績賞与あり,株式会社西村組,北海道 札幌市 元町駅 徒歩6分,北海道,札幌市,元町,,,,月給30万円～40万円 / 賞与あり・昇給あり,月給,300000,400000,month,契約社員,,https://xn--pckua2a7gp15o89zb.com/jb/de03c432425fb3ff718070df736d67c8,"https://xn--pckua2a7gp15o89zb.com/%E9%87%8D%E6%A9%9F%E3%82%AA%E3%83%9A%E3%83%AC%E3%83%BC%E3%82%BF%E3%83%BCの仕事-%E5%8C%97%E6%B5%B7%E9%81%93?e=5,3,4&q=not%3A%E5%93%81%E5%87%BA%E3%81%97%20not%3A%E3%83%AC%E3%82%B8%20not%3A%E8%B2%A9%E5%A3%B2%20not%3A%E6%8E%A5%E5%AE%A2%20not%3A%E5%A3%B2%E5%A0%B4%20not%3A%E5%A3%B2%E3%82%8A%E5%A0%B4%20not%3A%E5%BA%97%E8%88%97%E3%82%B9%E3%82%BF%E3%83%83%E3%83%95%20not%3A%E3%82%B7%E3%83%A7%E3%83%83%E3%83%97%E3%82%B9%E3%82%BF%E3%83%83%E3%83%95%20not%3A%E8%B2%A9%E5%A3%B2%E5%93%A1%20not%3A%E5%95%86%E5%93%81%E7%AE%A1%E7%90%86%20not%3A%E3%83%89%E3%83%A9%E3%83%83%E3%82%B0%E3%82%B9%E3%83%88%E3%82%A2%20not%3A%E3%83%9B%E3%83%BC%E3%83%A0%E3%82%BB%E3%83%B3%E3%82%BF%E3%83%BC%20not%3A%E5%96%B6%E6%A5%AD%20not%3A%E3%83%AB%E3%83%BC%E3%83%88%E5%96%B6%E6%A5%AD%20not%3A%E6%8F%90%E6%A1%88%E5%96%B6%E6%A5%AD%20not%3A%E5%8F%8D%E9%9F%BF%E5%96%B6%E6%A5%AD%20not%3A%E4%B8%8D%E5%8B%95%E7%94%A3%E5%96%B6%E6%A5%AD%20not%3A%E4%BD%8F%E5%AE%85%E5%96%B6%E6%A5%AD%20not%3A%E4%BA%8B%E5%8B%99%20not%3A%E4%B8%80%E8%88%AC%E4%BA%8B%E5%8B%99%20not%3A%E5%96%B6%E6%A5%AD%E4%BA%8B%E5%8B%99%20not%3A%E5%8F%97%E4%BB%98%20not%3A%E7%B5%8C%E7%90%86%20not%3A%E7%B7%8F%E5%8B%99%20not%3A%E4%BA%BA%E4%BA%8B%20not%3A%E6%96%BD%E5%B7%A5%E7%AE%A1%E7%90%86%20not%3A%E7%8F%BE%E5%A0%B4%E7%9B%A3%E7%9D%A3%20not%3A%E5%BB%BA%E7%AF%89%E5%A3%AB%20not%3A%E8%A8%AD%E8%A8%88%20not%3ACAD%20not%3A%E7%A9%8D%E7%AE%97%20not%3A%E5%B7%A5%E7%A8%8B%E7%AE%A1%E7%90%86%20not%3A%E5%93%81%E8%B3%AA%E7%AE%A1%E7%90%86%20not%3A%E3%83%89%E3%83%A9%E3%82%A4%E3%83%90%E3%83%BC%20not%3A%E9%85%8D%E9%80%81%20not%3A%E9%85%8D%E9%81%94%20not%3A%E9%81%8B%E8%BB%A2%E6%89%8B%20not%3A%E5%80%89%E5%BA%AB%20not%3A%E7%89%A9%E6%B5%81%20not%3A%E3%83%95%E3%82%A9%E3%83%BC%E3%82%AF%E3%83%AA%E3%83%95%E3%83%88%20not%3A%E3%83%94%E3%83%83%E3%82%AD%E3%83%B3%E3%82%B0%20not%3A%E8%A3%BD%E9%80%A0%E3%82%AA%E3%83%9A%E3%83%AC%E3%83%BC%E3%82%BF%E3%83%BC%20not%3A%E5%B7%A5%E5%A0%B4%E4%BD%9C%E6%A5%AD%20not%3A%E3%83%A9%E3%82%A4%E3%83%B3%E4%BD%9C%E6%A5%AD%20not%3A%E6%A4%9C%E6%9F%BB%E5%93%A1%20not%3A%E7%B5%84%E7%AB%8B%E5%B7%A5%20not%3A%E8%AD%A6%E5%82%99%20not%3A%E6%B8%85%E6%8E%83%20not%3A%E4%BB%8B%E8%AD%B7%20not%3A%E7%9C%8B%E8%AD%B7%20not%3A%E4%BF%9D%E8%82%B2",false,false,
2026-08-08,求人ボックス,重機オペレーター,北海道,路面切削工事の重機オペレーター 路面切削機,ユナイト株式会社,北海道 札幌市 白石駅,北海道,札幌市,白石,,,,月給25万円～50万円 / 賞与あり・昇給あり,月給,250000,500000,month,契約社員,,https://xn--pckua2a7gp15o89zb.com/jb/828182c1bbd573656606faa8ab49bf48,"https://xn--pckua2a7gp15o89zb.com/%E9%87%8D%E6%A9%9F%E3%82%AA%E3%83%9A%E3%83%AC%E3%83%BC%E3%82%BF%E3%83%BCの仕事-%E5%8C%97%E6%B5%B7%E9%81%93?e=5,3,4&q=not%3A%E5%93%81%E5%87%BA%E3%81%97%20not%3A%E3%83%AC%E3%82%B8%20not%3A%E8%B2%A9%E5%A3%B2%20not%3A%E6%8E%A5%E5%AE%A2%20not%3A%E5%A3%B2%E5%A0%B4%20not%3A%E5%A3%B2%E3%82%8A%E5%A0%B4%20not%3A%E5%BA%97%E8%88%97%E3%82%B9%E3%82%BF%E3%83%83%E3%83%95%20not%3A%E3%82%B7%E3%83%A7%E3%83%83%E3%83%97%E3%82%B9%E3%82%BF%E3%83%83%E3%83%95%20not%3A%E8%B2%A9%E5%A3%B2%E5%93%A1%20not%3A%E5%95%86%E5%93%81%E7%AE%A1%E7%90%86%20not%3A%E3%83%89%E3%83%A9%E3%83%83%E3%82%B0%E3%82%B9%E3%83%88%E3%82%A2%20not%3A%E3%83%9B%E3%83%BC%E3%83%A0%E3%82%BB%E3%83%B3%E3%82%BF%E3%83%BC%20not%3A%E5%96%B6%E6%A5%AD%20not%3A%E3%83%AB%E3%83%BC%E3%83%88%E5%96%B6%E6%A5%AD%20not%3A%E6%8F%90%E6%A1%88%E5%96%B6%E6%A5%AD%20not%3A%E5%8F%8D%E9%9F%BF%E5%96%B6%E6%A5%AD%20not%3A%E4%B8%8D%E5%8B%95%E7%94%A3%E5%96%B6%E6%A5%AD%20not%3A%E4%BD%8F%E5%AE%85%E5%96%B6%E6%A5%AD%20not%3A%E4%BA%8B%E5%8B%99%20not%3A%E4%B8%80%E8%88%AC%E4%BA%8B%E5%8B%99%20not%3A%E5%96%B6%E6%A5%AD%E4%BA%8B%E5%8B%99%20not%3A%E5%8F%97%E4%BB%98%20not%3A%E7%B5%8C%E7%90%86%20not%3A%E7%B7%8F%E5%8B%99%20not%3A%E4%BA%BA%E4%BA%8B%20not%3A%E6%96%BD%E5%B7%A5%E7%AE%A1%E7%90%86%20not%3A%E7%8F%BE%E5%A0%B4%E7%9B%A3%E7%9D%A3%20not%3A%E5%BB%BA%E7%AF%89%E5%A3%AB%20not%3A%E8%A8%AD%E8%A8%88%20not%3ACAD%20not%3A%E7%A9%8D%E7%AE%97%20not%3A%E5%B7%A5%E7%A8%8B%E7%AE%A1%E7%90%86%20not%3A%E5%93%81%E8%B3%AA%E7%AE%A1%E7%90%86%20not%3A%E3%83%89%E3%83%A9%E3%82%A4%E3%83%90%E3%83%BC%20not%3A%E9%85%8D%E9%80%81%20not%3A%E9%85%8D%E9%81%94%20not%3A%E9%81%8B%E8%BB%A2%E6%89%8B%20not%3A%E5%80%89%E5%BA%AB%20not%3A%E7%89%A9%E6%B5%81%20not%3A%E3%83%95%E3%82%A9%E3%83%BC%E3%82%AF%E3%83%AA%E3%83%95%E3%83%88%20not%3A%E3%83%94%E3%83%83%E3%82%AD%E3%83%B3%E3%82%B0%20not%3A%E8%A3%BD%E9%80%A0%E3%82%AA%E3%83%9A%E3%83%AC%E3%83%BC%E3%82%BF%E3%83%BC%20not%3A%E5%B7%A5%E5%A0%B4%E4%BD%9C%E6%A5%AD%20not%3A%E3%83%A9%E3%82%A4%E3%83%B3%E4%BD%9C%E6%A5%AD%20not%3A%E6%A4%9C%E6%9F%BB%E5%93%A1%20not%3A%E7%B5%84%E7%AB%8B%E5%B7%A5%20not%3A%E8%AD%A6%E5%82%99%20not%3A%E6%B8%85%E6%8E%83%20not%3A%E4%BB%8B%E8%AD%B7%20not%3A%E7%9C%8B%E8%AD%B7%20not%3A%E4%BF%9D%E8%82%B2",false,false,
2026-08-08,求人ボックス,重機オペレーター,北海道,三ツ輪運輸㈱構内重機オペレーター／日・祝休み!月平均残業5時間,釧路ポートサービス株式会社,北海道 釧路市 新富士駅 徒歩30分,北海道,釧路市,新富士,,,,月給19万740円～,月給,190740,190740,month,契約社員,,https://xn--pckua2a7gp15o89zb.com/jb/1c65511069e8b5b9e52e72f22f1f8ff9,"https://xn--pckua2a7gp15o89zb.com/%E9%87%8D%E6%A9%9F%E3%82%AA%E3%83%9A%E3%83%AC%E3%83%BC%E3%82%BF%E3%83%BCの仕事-%E5%8C%97%E6%B5%B7%E9%81%93?e=5,3,4&q=not%3A%E5%93%81%E5%87%BA%E3%81%97%20not%3A%E3%83%AC%E3%82%B8%20not%3A%E8%B2%A9%E5%A3%B2%20not%3A%E6%8E%A5%E5%AE%A2%20not%3A%E5%A3%B2%E5%A0%B4%20not%3A%E5%A3%B2%E3%82%8A%E5%A0%B4%20not%3A%E5%BA%97%E8%88%97%E3%82%B9%E3%82%BF%E3%83%83%E3%83%95%20not%3A%E3%82%B7%E3%83%A7%E3%83%83%E3%83%97%E3%82%B9%E3%82%BF%E3%83%83%E3%83%95%20not%3A%E8%B2%A9%E5%A3%B2%E5%93%A1%20not%3A%E5%95%86%E5%93%81%E7%AE%A1%E7%90%86%20not%3A%E3%83%89%E3%83%A9%E3%83%83%E3%82%B0%E3%82%B9%E3%83%88%E3%82%A2%20not%3A%E3%83%9B%E3%83%BC%E3%83%A0%E3%82%BB%E3%83%B3%E3%82%BF%E3%83%BC%20not%3A%E5%96%B6%E6%A5%AD%20not%3A%E3%83%AB%E3%83%BC%E3%83%88%E5%96%B6%E6%A5%AD%20not%3A%E6%8F%90%E6%A1%88%E5%96%B6%E6%A5%AD%20not%3A%E5%8F%8D%E9%9F%BF%E5%96%B6%E6%A5%AD%20not%3A%E4%B8%8D%E5%8B%95%E7%94%A3%E5%96%B6%E6%A5%AD%20not%3A%E4%BD%8F%E5%AE%85%E5%96%B6%E6%A5%AD%20not%3A%E4%BA%8B%E5%8B%99%20not%3A%E4%B8%80%E8%88%AC%E4%BA%8B%E5%8B%99%20not%3A%E5%96%B6%E6%A5%AD%E4%BA%8B%E5%8B%99%20not%3A%E5%8F%97%E4%BB%98%20not%3A%E7%B5%8C%E7%90%86%20not%3A%E7%B7%8F%E5%8B%99%20not%3A%E4%BA%BA%E4%BA%8B%20not%3A%E6%96%BD%E5%B7%A5%E7%AE%A1%E7%90%86%20not%3A%E7%8F%BE%E5%A0%B4%E7%9B%A3%E7%9D%A3%20not%3A%E5%BB%BA%E7%AF%89%E5%A3%AB%20not%3A%E8%A8%AD%E8%A8%88%20not%3ACAD%20not%3A%E7%A9%8D%E7%AE%97%20not%3A%E5%B7%A5%E7%A8%8B%E7%AE%A1%E7%90%86%20not%3A%E5%93%81%E8%B3%AA%E7%AE%A1%E7%90%86%20not%3A%E3%83%89%E3%83%A9%E3%82%A4%E3%83%90%E3%83%BC%20not%3A%E9%85%8D%E9%80%81%20not%3A%E9%85%8D%E9%81%94%20not%3A%E9%81%8B%E8%BB%A2%E6%89%8B%20not%3A%E5%80%89%E5%BA%AB%20not%3A%E7%89%A9%E6%B5%81%20not%3A%E3%83%95%E3%82%A9%E3%83%BC%E3%82%AF%E3%83%AA%E3%83%95%E3%83%88%20not%3A%E3%83%94%E3%83%83%E3%82%AD%E3%83%B3%E3%82%B0%20not%3A%E8%A3%BD%E9%80%A0%E3%82%AA%E3%83%9A%E3%83%AC%E3%83%BC%E3%82%BF%E3%83%BC%20not%3A%E5%B7%A5%E5%A0%B4%E4%BD%9C%E6%A5%AD%20not%3A%E3%83%A9%E3%82%A4%E3%83%B3%E4%BD%9C%E6%A5%AD%20not%3A%E6%A4%9C%E6%9F%BB%E5%93%A1%20not%3A%E7%B5%84%E7%AB%8B%E5%B7%A5%20not%3A%E8%AD%A6%E5%82%99%20not%3A%E6%B8%85%E6%8E%83%20not%3A%E4%BB%8B%E8%AD%B7%20not%3A%E7%9C%8B%E8%AD%B7%20not%3A%E4%BF%9D%E8%82%B2",false,false,
2026-08-08,求人ボックス,重機オペレーター,北海道,とび・土工／重機オペレーター,株式会社広島組,北海道 札幌市 発寒南駅 徒歩10分,北海道,札幌市,発寒南,,,,"日給1万1,000円",日給,11000,11000,day,契約社員,,https://xn--pckua2a7gp15o89zb.com/jb/53798e2fd7dd86b38a1c29ae30adc6fc,"https://xn--pckua2a7gp15o89zb.com/%E9%87%8D%E6%A9%9F%E3%82%AA%E3%83%9A%E3%83%AC%E3%83%BC%E3%82%BF%E3%83%BCの仕事-%E5%8C%97%E6%B5%B7%E9%81%93?e=5,3,4&q=not%3A%E5%93%81%E5%87%BA%E3%81%97%20not%3A%E3%83%AC%E3%82%B8%20not%3A%E8%B2%A9%E5%A3%B2%20not%3A%E6%8E%A5%E5%AE%A2%20not%3A%E5%A3%B2%E5%A0%B4%20not%3A%E5%A3%B2%E3%82%8A%E5%A0%B4%20not%3A%E5%BA%97%E8%88%97%E3%82%B9%E3%82%BF%E3%83%83%E3%83%95%20not%3A%E3%82%B7%E3%83%A7%E3%83%83%E3%83%97%E3%82%B9%E3%82%BF%E3%83%83%E3%83%95%20not%3A%E8%B2%A9%E5%A3%B2%E5%93%A1%20not%3A%E5%95%86%E5%93%81%E7%AE%A1%E7%90%86%20not%3A%E3%83%89%E3%83%A9%E3%83%83%E3%82%B0%E3%82%B9%E3%83%88%E3%82%A2%20not%3A%E3%83%9B%E3%83%BC%E3%83%A0%E3%82%BB%E3%83%B3%E3%82%BF%E3%83%BC%20not%3A%E5%96%B6%E6%A5%AD%20not%3A%E3%83%AB%E3%83%BC%E3%83%88%E5%96%B6%E6%A5%AD%20not%3A%E6%8F%90%E6%A1%88%E5%96%B6%E6%A5%AD%20not%3A%E5%8F%8D%E9%9F%BF%E5%96%B6%E6%A5%AD%20not%3A%E4%B8%8D%E5%8B%95%E7%94%A3%E5%96%B6%E6%A5%AD%20not%3A%E4%BD%8F%E5%AE%85%E5%96%B6%E6%A5%AD%20not%3A%E4%BA%8B%E5%8B%99%20not%3A%E4%B8%80%E8%88%AC%E4%BA%8B%E5%8B%99%20not%3A%E5%96%B6%E6%A5%AD%E4%BA%8B%E5%8B%99%20not%3A%E5%8F%97%E4%BB%98%20not%3A%E7%B5%8C%E7%90%86%20not%3A%E7%B7%8F%E5%8B%99%20not%3A%E4%BA%BA%E4%BA%8B%20not%3A%E6%96%BD%E5%B7%A5%E7%AE%A1%E7%90%86%20not%3A%E7%8F%BE%E5%A0%B4%E7%9B%A3%E7%9D%A3%20not%3A%E5%BB%BA%E7%AF%89%E5%A3%AB%20not%3A%E8%A8%AD%E8%A8%88%20not%3ACAD%20not%3A%E7%A9%8D%E7%AE%97%20not%3A%E5%B7%A5%E7%A8%8B%E7%AE%A1%E7%90%86%20not%3A%E5%93%81%E8%B3%AA%E7%AE%A1%E7%90%86%20not%3A%E3%83%89%E3%83%A9%E3%82%A4%E3%83%90%E3%83%BC%20not%3A%E9%85%8D%E9%80%81%20not%3A%E9%85%8D%E9%81%94%20not%3A%E9%81%8B%E8%BB%A2%E6%89%8B%20not%3A%E5%80%89%E5%BA%AB%20not%3A%E7%89%A9%E6%B5%81%20not%3A%E3%83%95%E3%82%A9%E3%83%BC%E3%82%AF%E3%83%AA%E3%83%95%E3%83%88%20not%3A%E3%83%94%E3%83%83%E3%82%AD%E3%83%B3%E3%82%B0%20not%3A%E8%A3%BD%E9%80%A0%E3%82%AA%E3%83%9A%E3%83%AC%E3%83%BC%E3%82%BF%E3%83%BC%20not%3A%E5%B7%A5%E5%A0%B4%E4%BD%9C%E6%A5%AD%20not%3A%E3%83%A9%E3%82%A4%E3%83%B3%E4%BD%9C%E6%A5%AD%20not%3A%E6%A4%9C%E6%9F%BB%E5%93%A1%20not%3A%E7%B5%84%E7%AB%8B%E5%B7%A5%20not%3A%E8%AD%A6%E5%82%99%20not%3A%E6%B8%85%E6%8E%83%20not%3A%E4%BB%8B%E8%AD%B7%20not%3A%E7%9C%8B%E8%AD%B7%20not%3A%E4%BF%9D%E8%82%B2",false,false,
2026-08-08,求人ボックス,重機オペレーター,北海道,建築・土木 カジュアル面談からOK／年間休日120日／重機オペレーター...,株式会社丸善建設,北海道 美瑛町 美瑛駅 徒歩10分,北海道,美瑛町,美瑛,,,,月給30万円～40万円 / 賞与あり,月給,300000,400000,month,契約社員,2日前,https://xn--pckua2a7gp15o89zb.com/jb/e8b9c0dfa5ea8a65c34b5160e4348d24,"https://xn--pckua2a7gp15o89zb.com/%E9%87%8D%E6%A9%9F%E3%82%AA%E3%83%9A%E3%83%AC%E3%83%BC%E3%82%BF%E3%83%BCの仕事-%E5%8C%97%E6%B5%B7%E9%81%93?e=5,3,4&q=not%3A%E5%93%81%E5%87%BA%E3%81%97%20not%3A%E3%83%AC%E3%82%B8%20not%3A%E8%B2%A9%E5%A3%B2%20not%3A%E6%8E%A5%E5%AE%A2%20not%3A%E5%A3%B2%E5%A0%B4%20not%3A%E5%A3%B2%E3%82%8A%E5%A0%B4%20not%3A%E5%BA%97%E8%88%97%E3%82%B9%E3%82%BF%E3%83%83%E3%83%95%20not%3A%E3%82%B7%E3%83%A7%E3%83%83%E3%83%97%E3%82%B9%E3%82%BF%E3%83%83%E3%83%95%20not%3A%E8%B2%A9%E5%A3%B2%E5%93%A1%20not%3A%E5%95%86%E5%93%81%E7%AE%A1%E7%90%86%20not%3A%E3%83%89%E3%83%A9%E3%83%83%E3%82%B0%E3%82%B9%E3%83%88%E3%82%A2%20not%3A%E3%83%9B%E3%83%BC%E3%83%A0%E3%82%BB%E3%83%B3%E3%82%BF%E3%83%BC%20not%3A%E5%96%B6%E6%A5%AD%20not%3A%E3%83%AB%E3%83%BC%E3%83%88%E5%96%B6%E6%A5%AD%20not%3A%E6%8F%90%E6%A1%88%E5%96%B6%E6%A5%AD%20not%3A%E5%8F%8D%E9%9F%BF%E5%96%B6%E6%A5%AD%20not%3A%E4%B8%8D%E5%8B%95%E7%94%A3%E5%96%B6%E6%A5%AD%20not%3A%E4%BD%8F%E5%AE%85%E5%96%B6%E6%A5%AD%20not%3A%E4%BA%8B%E5%8B%99%20not%3A%E4%B8%80%E8%88%AC%E4%BA%8B%E5%8B%99%20not%3A%E5%96%B6%E6%A5%AD%E4%BA%8B%E5%8B%99%20not%3A%E5%8F%97%E4%BB%98%20not%3A%E7%B5%8C%E7%90%86%20not%3A%E7%B7%8F%E5%8B%99%20not%3A%E4%BA%BA%E4%BA%8B%20not%3A%E6%96%BD%E5%B7%A5%E7%AE%A1%E7%90%86%20not%3A%E7%8F%BE%E5%A0%B4%E7%9B%A3%E7%9D%A3%20not%3A%E5%BB%BA%E7%AF%89%E5%A3%AB%20not%3A%E8%A8%AD%E8%A8%88%20not%3ACAD%20not%3A%E7%A9%8D%E7%AE%97%20not%3A%E5%B7%A5%E7%A8%8B%E7%AE%A1%E7%90%86%20not%3A%E5%93%81%E8%B3%AA%E7%AE%A1%E7%90%86%20not%3A%E3%83%89%E3%83%A9%E3%82%A4%E3%83%90%E3%83%BC%20not%3A%E9%85%8D%E9%80%81%20not%3A%E9%85%8D%E9%81%94%20not%3A%E9%81%8B%E8%BB%A2%E6%89%8B%20not%3A%E5%80%89%E5%BA%AB%20not%3A%E7%89%A9%E6%B5%81%20not%3A%E3%83%95%E3%82%A9%E3%83%BC%E3%82%AF%E3%83%AA%E3%83%95%E3%83%88%20not%3A%E3%83%94%E3%83%83%E3%82%AD%E3%83%B3%E3%82%B0%20not%3A%E8%A3%BD%E9%80%A0%E3%82%AA%E3%83%9A%E3%83%AC%E3%83%BC%E3%82%BF%E3%83%BC%20not%3A%E5%B7%A5%E5%A0%B4%E4%BD%9C%E6%A5%AD%20not%3A%E3%83%A9%E3%82%A4%E3%83%B3%E4%BD%9C%E6%A5%AD%20not%3A%E6%A4%9C%E6%9F%BB%E5%93%A1%20not%3A%E7%B5%84%E7%AB%8B%E5%B7%A5%20not%3A%E8%AD%A6%E5%82%99%20not%3A%E6%B8%85%E6%8E%83%20not%3A%E4%BB%8B%E8%AD%B7%20not%3A%E7%9C%8B%E8%AD%B7%20not%3A%E4%BF%9D%E8%82%B2",false,false,
2026-08-08,求人ボックス,重機オペレーター,北海道,重機オペレーター,勝栄興業株式会社,北海道 帯広市 帯広駅 車7分,北海道,帯広市,帯広,,,,"日給1万1,200円～1万4,000円",日給,11200,14000,day,契約社員,,https://xn--pckua2a7gp15o89zb.com/jb/bee4de6de1b1bbd595e144f5d9adb90c,"https://xn--pckua2a7gp15o89zb.com/%E9%87%8D%E6%A9%9F%E3%82%AA%E3%83%9A%E3%83%AC%E3%83%BC%E3%82%BF%E3%83%BCの仕事-%E5%8C%97%E6%B5%B7%E9%81%93?e=5,3,4&q=not%3A%E5%93%81%E5%87%BA%E3%81%97%20not%3A%E3%83%AC%E3%82%B8%20not%3A%E8%B2%A9%E5%A3%B2%20not%3A%E6%8E%A5%E5%AE%A2%20not%3A%E5%A3%B2%E5%A0%B4%20not%3A%E5%A3%B2%E3%82%8A%E5%A0%B4%20not%3A%E5%BA%97%E8%88%97%E3%82%B9%E3%82%BF%E3%83%83%E3%83%95%20not%3A%E3%82%B7%E3%83%A7%E3%83%83%E3%83%97%E3%82%B9%E3%82%BF%E3%83%83%E3%83%95%20not%3A%E8%B2%A9%E5%A3%B2%E5%93%A1%20not%3A%E5%95%86%E5%93%81%E7%AE%A1%E7%90%86%20not%3A%E3%83%89%E3%83%A9%E3%83%83%E3%82%B0%E3%82%B9%E3%83%88%E3%82%A2%20not%3A%E3%83%9B%E3%83%BC%E3%83%A0%E3%82%BB%E3%83%B3%E3%82%BF%E3%83%BC%20not%3A%E5%96%B6%E6%A5%AD%20not%3A%E3%83%AB%E3%83%BC%E3%83%88%E5%96%B6%E6%A5%AD%20not%3A%E6%8F%90%E6%A1%88%E5%96%B6%E6%A5%AD%20not%3A%E5%8F%8D%E9%9F%BF%E5%96%B6%E6%A5%AD%20not%3A%E4%B8%8D%E5%8B%95%E7%94%A3%E5%96%B6%E6%A5%AD%20not%3A%E4%BD%8F%E5%AE%85%E5%96%B6%E6%A5%AD%20not%3A%E4%BA%8B%E5%8B%99%20not%3A%E4%B8%80%E8%88%AC%E4%BA%8B%E5%8B%99%20not%3A%E5%96%B6%E6%A5%AD%E4%BA%8B%E5%8B%99%20not%3A%E5%8F%97%E4%BB%98%20not%3A%E7%B5%8C%E7%90%86%20not%3A%E7%B7%8F%E5%8B%99%20not%3A%E4%BA%BA%E4%BA%8B%20not%3A%E6%96%BD%E5%B7%A5%E7%AE%A1%E7%90%86%20not%3A%E7%8F%BE%E5%A0%B4%E7%9B%A3%E7%9D%A3%20not%3A%E5%BB%BA%E7%AF%89%E5%A3%AB%20not%3A%E8%A8%AD%E8%A8%88%20not%3ACAD%20not%3A%E7%A9%8D%E7%AE%97%20not%3A%E5%B7%A5%E7%A8%8B%E7%AE%A1%E7%90%86%20not%3A%E5%93%81%E8%B3%AA%E7%AE%A1%E7%90%86%20not%3A%E3%83%89%E3%83%A9%E3%82%A4%E3%83%90%E3%83%BC%20not%3A%E9%85%8D%E9%80%81%20not%3A%E9%85%8D%E9%81%94%20not%3A%E9%81%8B%E8%BB%A2%E6%89%8B%20not%3A%E5%80%89%E5%BA%AB%20not%3A%E7%89%A9%E6%B5%81%20not%3A%E3%83%95%E3%82%A9%E3%83%BC%E3%82%AF%E3%83%AA%E3%83%95%E3%83%88%20not%3A%E3%83%94%E3%83%83%E3%82%AD%E3%83%B3%E3%82%B0%20not%3A%E8%A3%BD%E9%80%A0%E3%82%AA%E3%83%9A%E3%83%AC%E3%83%BC%E3%82%BF%E3%83%BC%20not%3A%E5%B7%A5%E5%A0%B4%E4%BD%9C%E6%A5%AD%20not%3A%E3%83%A9%E3%82%A4%E3%83%B3%E4%BD%9C%E6%A5%AD%20not%3A%E6%A4%9C%E6%9F%BB%E5%93%A1%20not%3A%E7%B5%84%E7%AB%8B%E5%B7%A5%20not%3A%E8%AD%A6%E5%82%99%20not%3A%E6%B8%85%E6%8E%83%20not%3A%E4%BB%8B%E8%AD%B7%20not%3A%E7%9C%8B%E8%AD%B7%20not%3A%E4%BF%9D%E8%82%B2",false,false,
2026-08-08,求人ボックス,重機オペレーター,北海道,重機オペレーター／完全未経験OK!プラント管理の重機オペレーター,有限会社さんぱい,北海道 登別市 幌別駅 車10分,北海道,登別市,幌別,,,,年収240万円～490万円 / 賞与あり・昇給あり,年収,2400000,4900000,year,契約社員,2日前,https://xn--pckua2a7gp15o89zb.com/jb/aa2c3b32910f8629e05cf9223252eef6,"https://xn--pckua2a7gp15o89zb.com/%E9%87%8D%E6%A9%9F%E3%82%AA%E3%83%9A%E3%83%AC%E3%83%BC%E3%82%BF%E3%83%BCの仕事-%E5%8C%97%E6%B5%B7%E9%81%93?e=5,3,4&q=not%3A%E5%93%81%E5%87%BA%E3%81%97%20not%3A%E3%83%AC%E3%82%B8%20not%3A%E8%B2%A9%E5%A3%B2%20not%3A%E6%8E%A5%E5%AE%A2%20not%3A%E5%A3%B2%E5%A0%B4%20not%3A%E5%A3%B2%E3%82%8A%E5%A0%B4%20not%3A%E5%BA%97%E8%88%97%E3%82%B9%E3%82%BF%E3%83%83%E3%83%95%20not%3A%E3%82%B7%E3%83%A7%E3%83%83%E3%83%97%E3%82%B9%E3%82%BF%E3%83%83%E3%83%95%20not%3A%E8%B2%A9%E5%A3%B2%E5%93%A1%20not%3A%E5%95%86%E5%93%81%E7%AE%A1%E7%90%86%20not%3A%E3%83%89%E3%83%A9%E3%83%83%E3%82%B0%E3%82%B9%E3%83%88%E3%82%A2%20not%3A%E3%83%9B%E3%83%BC%E3%83%A0%E3%82%BB%E3%83%B3%E3%82%BF%E3%83%BC%20not%3A%E5%96%B6%E6%A5%AD%20not%3A%E3%83%AB%E3%83%BC%E3%83%88%E5%96%B6%E6%A5%AD%20not%3A%E6%8F%90%E6%A1%88%E5%96%B6%E6%A5%AD%20not%3A%E5%8F%8D%E9%9F%BF%E5%96%B6%E6%A5%AD%20not%3A%E4%B8%8D%E5%8B%95%E7%94%A3%E5%96%B6%E6%A5%AD%20not%3A%E4%BD%8F%E5%AE%85%E5%96%B6%E6%A5%AD%20not%3A%E4%BA%8B%E5%8B%99%20not%3A%E4%B8%80%E8%88%AC%E4%BA%8B%E5%8B%99%20not%3A%E5%96%B6%E6%A5%AD%E4%BA%8B%E5%8B%99%20not%3A%E5%8F%97%E4%BB%98%20not%3A%E7%B5%8C%E7%90%86%20not%3A%E7%B7%8F%E5%8B%99%20not%3A%E4%BA%BA%E4%BA%8B%20not%3A%E6%96%BD%E5%B7%A5%E7%AE%A1%E7%90%86%20not%3A%E7%8F%BE%E5%A0%B4%E7%9B%A3%E7%9D%A3%20not%3A%E5%BB%BA%E7%AF%89%E5%A3%AB%20not%3A%E8%A8%AD%E8%A8%88%20not%3ACAD%20not%3A%E7%A9%8D%E7%AE%97%20not%3A%E5%B7%A5%E7%A8%8B%E7%AE%A1%E7%90%86%20not%3A%E5%93%81%E8%B3%AA%E7%AE%A1%E7%90%86%20not%3A%E3%83%89%E3%83%A9%E3%82%A4%E3%83%90%E3%83%BC%20not%3A%E9%85%8D%E9%80%81%20not%3A%E9%85%8D%E9%81%94%20not%3A%E9%81%8B%E8%BB%A2%E6%89%8B%20not%3A%E5%80%89%E5%BA%AB%20not%3A%E7%89%A9%E6%B5%81%20not%3A%E3%83%95%E3%82%A9%E3%83%BC%E3%82%AF%E3%83%AA%E3%83%95%E3%83%88%20not%3A%E3%83%94%E3%83%83%E3%82%AD%E3%83%B3%E3%82%B0%20not%3A%E8%A3%BD%E9%80%A0%E3%82%AA%E3%83%9A%E3%83%AC%E3%83%BC%E3%82%BF%E3%83%BC%20not%3A%E5%B7%A5%E5%A0%B4%E4%BD%9C%E6%A5%AD%20not%3A%E3%83%A9%E3%82%A4%E3%83%B3%E4%BD%9C%E6%A5%AD%20not%3A%E6%A4%9C%E6%9F%BB%E5%93%A1%20not%3A%E7%B5%84%E7%AB%8B%E5%B7%A5%20not%3A%E8%AD%A6%E5%82%99%20not%3A%E6%B8%85%E6%8E%83%20not%3A%E4%BB%8B%E8%AD%B7%20not%3A%E7%9C%8B%E8%AD%B7%20not%3A%E4%BF%9D%E8%82%B2",false,false,
2026-08-08,求人ボックス,重機オペレーター,北海道,重機オペレーター,株式会社光栄産業,北海道 士別市,北海道,士別市,,,,,月給30万円～40万円,月給,300000,400000,month,契約社員,,https://xn--pckua2a7gp15o89zb.com/jb/f78fe5f4052d948b6f812c8f785ffb45,"https://xn--pckua2a7gp15o89zb.com/%E9%87%8D%E6%A9%9F%E3%82%AA%E3%83%9A%E3%83%AC%E3%83%BC%E3%82%BF%E3%83%BCの仕事-%E5%8C%97%E6%B5%B7%E9%81%93?e=5,3,4&q=not%3A%E5%93%81%E5%87%BA%E3%81%97%20not%3A%E3%83%AC%E3%82%B8%20not%3A%E8%B2%A9%E5%A3%B2%20not%3A%E6%8E%A5%E5%AE%A2%20not%3A%E5%A3%B2%E5%A0%B4%20not%3A%E5%A3%B2%E3%82%8A%E5%A0%B4%20not%3A%E5%BA%97%E8%88%97%E3%82%B9%E3%82%BF%E3%83%83%E3%83%95%20not%3A%E3%82%B7%E3%83%A7%E3%83%83%E3%83%97%E3%82%B9%E3%82%BF%E3%83%83%E3%83%95%20not%3A%E8%B2%A9%E5%A3%B2%E5%93%A1%20not%3A%E5%95%86%E5%93%81%E7%AE%A1%E7%90%86%20not%3A%E3%83%89%E3%83%A9%E3%83%83%E3%82%B0%E3%82%B9%E3%83%88%E3%82%A2%20not%3A%E3%83%9B%E3%83%BC%E3%83%A0%E3%82%BB%E3%83%B3%E3%82%BF%E3%83%BC%20not%3A%E5%96%B6%E6%A5%AD%20not%3A%E3%83%AB%E3%83%BC%E3%83%88%E5%96%B6%E6%A5%AD%20not%3A%E6%8F%90%E6%A1%88%E5%96%B6%E6%A5%AD%20not%3A%E5%8F%8D%E9%9F%BF%E5%96%B6%E6%A5%AD%20not%3A%E4%B8%8D%E5%8B%95%E7%94%A3%E5%96%B6%E6%A5%AD%20not%3A%E4%BD%8F%E5%AE%85%E5%96%B6%E6%A5%AD%20not%3A%E4%BA%8B%E5%8B%99%20not%3A%E4%B8%80%E8%88%AC%E4%BA%8B%E5%8B%99%20not%3A%E5%96%B6%E6%A5%AD%E4%BA%8B%E5%8B%99%20not%3A%E5%8F%97%E4%BB%98%20not%3A%E7%B5%8C%E7%90%86%20not%3A%E7%B7%8F%E5%8B%99%20not%3A%E4%BA%BA%E4%BA%8B%20not%3A%E6%96%BD%E5%B7%A5%E7%AE%A1%E7%90%86%20not%3A%E7%8F%BE%E5%A0%B4%E7%9B%A3%E7%9D%A3%20not%3A%E5%BB%BA%E7%AF%89%E5%A3%AB%20not%3A%E8%A8%AD%E8%A8%88%20not%3ACAD%20not%3A%E7%A9%8D%E7%AE%97%20not%3A%E5%B7%A5%E7%A8%8B%E7%AE%A1%E7%90%86%20not%3A%E5%93%81%E8%B3%AA%E7%AE%A1%E7%90%86%20not%3A%E3%83%89%E3%83%A9%E3%82%A4%E3%83%90%E3%83%BC%20not%3A%E9%85%8D%E9%80%81%20not%3A%E9%85%8D%E9%81%94%20not%3A%E9%81%8B%E8%BB%A2%E6%89%8B%20not%3A%E5%80%89%E5%BA%AB%20not%3A%E7%89%A9%E6%B5%81%20not%3A%E3%83%95%E3%82%A9%E3%83%BC%E3%82%AF%E3%83%AA%E3%83%95%E3%83%88%20not%3A%E3%83%94%E3%83%83%E3%82%AD%E3%83%B3%E3%82%B0%20not%3A%E8%A3%BD%E9%80%A0%E3%82%AA%E3%83%9A%E3%83%AC%E3%83%BC%E3%82%BF%E3%83%BC%20not%3A%E5%B7%A5%E5%A0%B4%E4%BD%9C%E6%A5%AD%20not%3A%E3%83%A9%E3%82%A4%E3%83%B3%E4%BD%9C%E6%A5%AD%20not%3A%E6%A4%9C%E6%9F%BB%E5%93%A1%20not%3A%E7%B5%84%E7%AB%8B%E5%B7%A5%20not%3A%E8%AD%A6%E5%82%99%20not%3A%E6%B8%85%E6%8E%83%20not%3A%E4%BB%8B%E8%AD%B7%20not%3A%E7%9C%8B%E8%AD%B7%20not%3A%E4%BF%9D%E8%82%B2",false,false,
2026-08-08,求人ボックス,基礎工事,北海道,住宅基礎工事作業員,有限会社吉岡建設,旭川市永山7条1丁目4-19,,,,,,,"日給9,000〜13,000円",日給,9000,13000,day,契約社員 期間の定め あり 期間 即日〜年度末 ※更新あり 試用期間 試用期間3カ月有（同条件） 勤務開始日 即日勤務可能 勤務開始時期調整可能です。在職中の方もご相談だけでもお気軽に。,4日前,https://xn--pckua2a7gp15o89zb.com/jb/9a2a216bc627e41c4c8125f56e0d600c,"https://xn--pckua2a7gp15o89zb.com/%E5%9F%BA%E7%A4%8E%E5%B7%A5%E4%BA%8Bの仕事-%E5%8C%97%E6%B5%B7%E9%81%93?e=5,3,4&q=not%3A%E5%93%81%E5%87%BA%E3%81%97%20not%3A%E3%83%AC%E3%82%B8%20not%3A%E8%B2%A9%E5%A3%B2%20not%3A%E6%8E%A5%E5%AE%A2%20not%3A%E5%A3%B2%E5%A0%B4%20not%3A%E5%A3%B2%E3%82%8A%E5%A0%B4%20not%3A%E5%BA%97%E8%88%97%E3%82%B9%E3%82%BF%E3%83%83%E3%83%95%20not%3A%E3%82%B7%E3%83%A7%E3%83%83%E3%83%97%E3%82%B9%E3%82%BF%E3%83%83%E3%83%95%20not%3A%E8%B2%A9%E5%A3%B2%E5%93%A1%20not%3A%E5%95%86%E5%93%81%E7%AE%A1%E7%90%86%20not%3A%E3%83%89%E3%83%A9%E3%83%83%E3%82%B0%E3%82%B9%E3%83%88%E3%82%A2%20not%3A%E3%83%9B%E3%83%BC%E3%83%A0%E3%82%BB%E3%83%B3%E3%82%BF%E3%83%BC%20not%3A%E5%96%B6%E6%A5%AD%20not%3A%E3%83%AB%E3%83%BC%E3%83%88%E5%96%B6%E6%A5%AD%20not%3A%E6%8F%90%E6%A1%88%E5%96%B6%E6%A5%AD%20not%3A%E5%8F%8D%E9%9F%BF%E5%96%B6%E6%A5%AD%20not%3A%E4%B8%8D%E5%8B%95%E7%94%A3%E5%96%B6%E6%A5%AD%20not%3A%E4%BD%8F%E5%AE%85%E5%96%B6%E6%A5%AD%20not%3A%E4%BA%8B%E5%8B%99%20not%3A%E4%B8%80%E8%88%AC%E4%BA%8B%E5%8B%99%20not%3A%E5%96%B6%E6%A5%AD%E4%BA%8B%E5%8B%99%20not%3A%E5%8F%97%E4%BB%98%20not%3A%E7%B5%8C%E7%90%86%20not%3A%E7%B7%8F%E5%8B%99%20not%3A%E4%BA%BA%E4%BA%8B%20not%3A%E6%96%BD%E5%B7%A5%E7%AE%A1%E7%90%86%20not%3A%E7%8F%BE%E5%A0%B4%E7%9B%A3%E7%9D%A3%20not%3A%E5%BB%BA%E7%AF%89%E5%A3%AB%20not%3A%E8%A8%AD%E8%A8%88%20not%3ACAD%20not%3A%E7%A9%8D%E7%AE%97%20not%3A%E5%B7%A5%E7%A8%8B%E7%AE%A1%E7%90%86%20not%3A%E5%93%81%E8%B3%AA%E7%AE%A1%E7%90%86%20not%3A%E3%83%89%E3%83%A9%E3%82%A4%E3%83%90%E3%83%BC%20not%3A%E9%85%8D%E9%80%81%20not%3A%E9%85%8D%E9%81%94%20not%3A%E9%81%8B%E8%BB%A2%E6%89%8B%20not%3A%E5%80%89%E5%BA%AB%20not%3A%E7%89%A9%E6%B5%81%20not%3A%E3%83%95%E3%82%A9%E3%83%BC%E3%82%AF%E3%83%AA%E3%83%95%E3%83%88%20not%3A%E3%83%94%E3%83%83%E3%82%AD%E3%83%B3%E3%82%B0%20not%3A%E8%A3%BD%E9%80%A0%E3%82%AA%E3%83%9A%E3%83%AC%E3%83%BC%E3%82%BF%E3%83%BC%20not%3A%E5%B7%A5%E5%A0%B4%E4%BD%9C%E6%A5%AD%20not%3A%E3%83%A9%E3%82%A4%E3%83%B3%E4%BD%9C%E6%A5%AD%20not%3A%E6%A4%9C%E6%9F%BB%E5%93%A1%20not%3A%E7%B5%84%E7%AB%8B%E5%B7%A5%20not%3A%E8%AD%A6%E5%82%99%20not%3A%E6%B8%85%E6%8E%83%20not%3A%E4%BB%8B%E8%AD%B7%20not%3A%E7%9C%8B%E8%AD%B7%20not%3A%E4%BF%9D%E8%82%B2",false,false,
2026-08-08,求人ボックス,基礎工事,北海道,鉄塔基礎工事の現場管理,トライアロー株式会社,北海道札幌市手稲区,北海道,札幌市手稲区,,,,,"月給 350,000円",月給,350000,350000,month,派遣社員 契約期間 定めあり（派遣労働契約） [契約期間] 2026年8月または9月～ 2年程,14日以上前,https://xn--pckua2a7gp15o89zb.com/jb/784a4f4dd6aa90301d6559a01bedd5b5,"https://xn--pckua2a7gp15o89zb.com/%E5%9F%BA%E7%A4%8E%E5%B7%A5%E4%BA%8Bの仕事-%E5%8C%97%E6%B5%B7%E9%81%93?e=5,3,4&q=not%3A%E5%93%81%E5%87%BA%E3%81%97%20not%3A%E3%83%AC%E3%82%B8%20not%3A%E8%B2%A9%E5%A3%B2%20not%3A%E6%8E%A5%E5%AE%A2%20not%3A%E5%A3%B2%E5%A0%B4%20not%3A%E5%A3%B2%E3%82%8A%E5%A0%B4%20not%3A%E5%BA%97%E8%88%97%E3%82%B9%E3%82%BF%E3%83%83%E3%83%95%20not%3A%E3%82%B7%E3%83%A7%E3%83%83%E3%83%97%E3%82%B9%E3%82%BF%E3%83%83%E3%83%95%20not%3A%E8%B2%A9%E5%A3%B2%E5%93%A1%20not%3A%E5%95%86%E5%93%81%E7%AE%A1%E7%90%86%20not%3A%E3%83%89%E3%83%A9%E3%83%83%E3%82%B0%E3%82%B9%E3%83%88%E3%82%A2%20not%3A%E3%83%9B%E3%83%BC%E3%83%A0%E3%82%BB%E3%83%B3%E3%82%BF%E3%83%BC%20not%3A%E5%96%B6%E6%A5%AD%20not%3A%E3%83%AB%E3%83%BC%E3%83%88%E5%96%B6%E6%A5%AD%20not%3A%E6%8F%90%E6%A1%88%E5%96%B6%E6%A5%AD%20not%3A%E5%8F%8D%E9%9F%BF%E5%96%B6%E6%A5%AD%20not%3A%E4%B8%8D%E5%8B%95%E7%94%A3%E5%96%B6%E6%A5%AD%20not%3A%E4%BD%8F%E5%AE%85%E5%96%B6%E6%A5%AD%20not%3A%E4%BA%8B%E5%8B%99%20not%3A%E4%B8%80%E8%88%AC%E4%BA%8B%E5%8B%99%20not%3A%E5%96%B6%E6%A5%AD%E4%BA%8B%E5%8B%99%20not%3A%E5%8F%97%E4%BB%98%20not%3A%E7%B5%8C%E7%90%86%20not%3A%E7%B7%8F%E5%8B%99%20not%3A%E4%BA%BA%E4%BA%8B%20not%3A%E6%96%BD%E5%B7%A5%E7%AE%A1%E7%90%86%20not%3A%E7%8F%BE%E5%A0%B4%E7%9B%A3%E7%9D%A3%20not%3A%E5%BB%BA%E7%AF%89%E5%A3%AB%20not%3A%E8%A8%AD%E8%A8%88%20not%3ACAD%20not%3A%E7%A9%8D%E7%AE%97%20not%3A%E5%B7%A5%E7%A8%8B%E7%AE%A1%E7%90%86%20not%3A%E5%93%81%E8%B3%AA%E7%AE%A1%E7%90%86%20not%3A%E3%83%89%E3%83%A9%E3%82%A4%E3%83%90%E3%83%BC%20not%3A%E9%85%8D%E9%80%81%20not%3A%E9%85%8D%E9%81%94%20not%3A%E9%81%8B%E8%BB%A2%E6%89%8B%20not%3A%E5%80%89%E5%BA%AB%20not%3A%E7%89%A9%E6%B5%81%20not%3A%E3%83%95%E3%82%A9%E3%83%BC%E3%82%AF%E3%83%AA%E3%83%95%E3%83%88%20not%3A%E3%83%94%E3%83%83%E3%82%AD%E3%83%B3%E3%82%B0%20not%3A%E8%A3%BD%E9%80%A0%E3%82%AA%E3%83%9A%E3%83%AC%E3%83%BC%E3%82%BF%E3%83%BC%20not%3A%E5%B7%A5%E5%A0%B4%E4%BD%9C%E6%A5%AD%20not%3A%E3%83%A9%E3%82%A4%E3%83%B3%E4%BD%9C%E6%A5%AD%20not%3A%E6%A4%9C%E6%9F%BB%E5%93%A1%20not%3A%E7%B5%84%E7%AB%8B%E5%B7%A5%20not%3A%E8%AD%A6%E5%82%99%20not%3A%E6%B8%85%E6%8E%83%20not%3A%E4%BB%8B%E8%AD%B7%20not%3A%E7%9C%8B%E8%AD%B7%20not%3A%E4%BF%9D%E8%82%B2",false,false,
2026-08-08,求人ボックス,解体工事,北海道,未経験OK!解体工補助作業員、雑工等,株式会社ホームリンク,北海道,北海道,,,,,,日給12000円 ～ 25000円,日給,12000,25000,day,契約社員 試用期間 試用期間なし 契約期間 ※求人票に記載が無い場合、お問い合わせいただければ内定時までに開示します。,,https://xn--pckua2a7gp15o89zb.com/jb/3659efb689f5f7a08e1dbcbe15fbdaf6,"https://xn--pckua2a7gp15o89zb.com/%E8%A7%A3%E4%BD%93%E5%B7%A5%E4%BA%8Bの仕事-%E5%8C%97%E6%B5%B7%E9%81%93?e=5,3,4&q=not%3A%E5%93%81%E5%87%BA%E3%81%97%20not%3A%E3%83%AC%E3%82%B8%20not%3A%E8%B2%A9%E5%A3%B2%20not%3A%E6%8E%A5%E5%AE%A2%20not%3A%E5%A3%B2%E5%A0%B4%20not%3A%E5%A3%B2%E3%82%8A%E5%A0%B4%20not%3A%E5%BA%97%E8%88%97%E3%82%B9%E3%82%BF%E3%83%83%E3%83%95%20not%3A%E3%82%B7%E3%83%A7%E3%83%83%E3%83%97%E3%82%B9%E3%82%BF%E3%83%83%E3%83%95%20not%3A%E8%B2%A9%E5%A3%B2%E5%93%A1%20not%3A%E5%95%86%E5%93%81%E7%AE%A1%E7%90%86%20not%3A%E3%83%89%E3%83%A9%E3%83%83%E3%82%B0%E3%82%B9%E3%83%88%E3%82%A2%20not%3A%E3%83%9B%E3%83%BC%E3%83%A0%E3%82%BB%E3%83%B3%E3%82%BF%E3%83%BC%20not%3A%E5%96%B6%E6%A5%AD%20not%3A%E3%83%AB%E3%83%BC%E3%83%88%E5%96%B6%E6%A5%AD%20not%3A%E6%8F%90%E6%A1%88%E5%96%B6%E6%A5%AD%20not%3A%E5%8F%8D%E9%9F%BF%E5%96%B6%E6%A5%AD%20not%3A%E4%B8%8D%E5%8B%95%E7%94%A3%E5%96%B6%E6%A5%AD%20not%3A%E4%BD%8F%E5%AE%85%E5%96%B6%E6%A5%AD%20not%3A%E4%BA%8B%E5%8B%99%20not%3A%E4%B8%80%E8%88%AC%E4%BA%8B%E5%8B%99%20not%3A%E5%96%B6%E6%A5%AD%E4%BA%8B%E5%8B%99%20not%3A%E5%8F%97%E4%BB%98%20not%3A%E7%B5%8C%E7%90%86%20not%3A%E7%B7%8F%E5%8B%99%20not%3A%E4%BA%BA%E4%BA%8B%20not%3A%E6%96%BD%E5%B7%A5%E7%AE%A1%E7%90%86%20not%3A%E7%8F%BE%E5%A0%B4%E7%9B%A3%E7%9D%A3%20not%3A%E5%BB%BA%E7%AF%89%E5%A3%AB%20not%3A%E8%A8%AD%E8%A8%88%20not%3ACAD%20not%3A%E7%A9%8D%E7%AE%97%20not%3A%E5%B7%A5%E7%A8%8B%E7%AE%A1%E7%90%86%20not%3A%E5%93%81%E8%B3%AA%E7%AE%A1%E7%90%86%20not%3A%E3%83%89%E3%83%A9%E3%82%A4%E3%83%90%E3%83%BC%20not%3A%E9%85%8D%E9%80%81%20not%3A%E9%85%8D%E9%81%94%20not%3A%E9%81%8B%E8%BB%A2%E6%89%8B%20not%3A%E5%80%89%E5%BA%AB%20not%3A%E7%89%A9%E6%B5%81%20not%3A%E3%83%95%E3%82%A9%E3%83%BC%E3%82%AF%E3%83%AA%E3%83%95%E3%83%88%20not%3A%E3%83%94%E3%83%83%E3%82%AD%E3%83%B3%E3%82%B0%20not%3A%E8%A3%BD%E9%80%A0%E3%82%AA%E3%83%9A%E3%83%AC%E3%83%BC%E3%82%BF%E3%83%BC%20not%3A%E5%B7%A5%E5%A0%B4%E4%BD%9C%E6%A5%AD%20not%3A%E3%83%A9%E3%82%A4%E3%83%B3%E4%BD%9C%E6%A5%AD%20not%3A%E6%A4%9C%E6%9F%BB%E5%93%A1%20not%3A%E7%B5%84%E7%AB%8B%E5%B7%A5%20not%3A%E8%AD%A6%E5%82%99%20not%3A%E6%B8%85%E6%8E%83%20not%3A%E4%BB%8B%E8%AD%B7%20not%3A%E7%9C%8B%E8%AD%B7%20not%3A%E4%BF%9D%E8%82%B2",false,false,
2026-08-08,求人ボックス,解体工事,北海道,土工・解体工募集 上京費用全額支給／日払OK／個室寮完備,株式会社拓実建設,北海道,北海道,,,,,,日給12000円,日給,12000,12000,day,契約社員 試用期間 試用期間なし 契約期間 ※求人票に記載が無い場合、お問い合わせいただければ内定時までに開示します。,,https://xn--pckua2a7gp15o89zb.com/jb/8738c9a8d34b0ed85c0e9b224d74eb6a,"https://xn--pckua2a7gp15o89zb.com/%E8%A7%A3%E4%BD%93%E5%B7%A5%E4%BA%8Bの仕事-%E5%8C%97%E6%B5%B7%E9%81%93?e=5,3,4&q=not%3A%E5%93%81%E5%87%BA%E3%81%97%20not%3A%E3%83%AC%E3%82%B8%20not%3A%E8%B2%A9%E5%A3%B2%20not%3A%E6%8E%A5%E5%AE%A2%20not%3A%E5%A3%B2%E5%A0%B4%20not%3A%E5%A3%B2%E3%82%8A%E5%A0%B4%20not%3A%E5%BA%97%E8%88%97%E3%82%B9%E3%82%BF%E3%83%83%E3%83%95%20not%3A%E3%82%B7%E3%83%A7%E3%83%83%E3%83%97%E3%82%B9%E3%82%BF%E3%83%83%E3%83%95%20not%3A%E8%B2%A9%E5%A3%B2%E5%93%A1%20not%3A%E5%95%86%E5%93%81%E7%AE%A1%E7%90%86%20not%3A%E3%83%89%E3%83%A9%E3%83%83%E3%82%B0%E3%82%B9%E3%83%88%E3%82%A2%20not%3A%E3%83%9B%E3%83%BC%E3%83%A0%E3%82%BB%E3%83%B3%E3%82%BF%E3%83%BC%20not%3A%E5%96%B6%E6%A5%AD%20not%3A%E3%83%AB%E3%83%BC%E3%83%88%E5%96%B6%E6%A5%AD%20not%3A%E6%8F%90%E6%A1%88%E5%96%B6%E6%A5%AD%20not%3A%E5%8F%8D%E9%9F%BF%E5%96%B6%E6%A5%AD%20not%3A%E4%B8%8D%E5%8B%95%E7%94%A3%E5%96%B6%E6%A5%AD%20not%3A%E4%BD%8F%E5%AE%85%E5%96%B6%E6%A5%AD%20not%3A%E4%BA%8B%E5%8B%99%20not%3A%E4%B8%80%E8%88%AC%E4%BA%8B%E5%8B%99%20not%3A%E5%96%B6%E6%A5%AD%E4%BA%8B%E5%8B%99%20not%3A%E5%8F%97%E4%BB%98%20not%3A%E7%B5%8C%E7%90%86%20not%3A%E7%B7%8F%E5%8B%99%20not%3A%E4%BA%BA%E4%BA%8B%20not%3A%E6%96%BD%E5%B7%A5%E7%AE%A1%E7%90%86%20not%3A%E7%8F%BE%E5%A0%B4%E7%9B%A3%E7%9D%A3%20not%3A%E5%BB%BA%E7%AF%89%E5%A3%AB%20not%3A%E8%A8%AD%E8%A8%88%20not%3ACAD%20not%3A%E7%A9%8D%E7%AE%97%20not%3A%E5%B7%A5%E7%A8%8B%E7%AE%A1%E7%90%86%20not%3A%E5%93%81%E8%B3%AA%E7%AE%A1%E7%90%86%20not%3A%E3%83%89%E3%83%A9%E3%82%A4%E3%83%90%E3%83%BC%20not%3A%E9%85%8D%E9%80%81%20not%3A%E9%85%8D%E9%81%94%20not%3A%E9%81%8B%E8%BB%A2%E6%89%8B%20not%3A%E5%80%89%E5%BA%AB%20not%3A%E7%89%A9%E6%B5%81%20not%3A%E3%83%95%E3%82%A9%E3%83%BC%E3%82%AF%E3%83%AA%E3%83%95%E3%83%88%20not%3A%E3%83%94%E3%83%83%E3%82%AD%E3%83%B3%E3%82%B0%20not%3A%E8%A3%BD%E9%80%A0%E3%82%AA%E3%83%9A%E3%83%AC%E3%83%BC%E3%82%BF%E3%83%BC%20not%3A%E5%B7%A5%E5%A0%B4%E4%BD%9C%E6%A5%AD%20not%3A%E3%83%A9%E3%82%A4%E3%83%B3%E4%BD%9C%E6%A5%AD%20not%3A%E6%A4%9C%E6%9F%BB%E5%93%A1%20not%3A%E7%B5%84%E7%AB%8B%E5%B7%A5%20not%3A%E8%AD%A6%E5%82%99%20not%3A%E6%B8%85%E6%8E%83%20not%3A%E4%BB%8B%E8%AD%B7%20not%3A%E7%9C%8B%E8%AD%B7%20not%3A%E4%BF%9D%E8%82%B2",false,false,
2026-08-08,求人ボックス,解体工事,北海道,「日払い・週払いOK!斫りも解体も、全部学べる現場!」,株式会社double,北海道 札幌市 真駒内駅,北海道,札幌市,真駒内,,,,"日給1万円～1万3,000円",日給,10000,13000,day,契約社員,,https://xn--pckua2a7gp15o89zb.com/jb/f6de53281a899133f9bfeb617592f88e,"https://xn--pckua2a7gp15o89zb.com/%E8%A7%A3%E4%BD%93%E5%B7%A5%E4%BA%8Bの仕事-%E5%8C%97%E6%B5%B7%E9%81%93?e=5,3,4&q=not%3A%E5%93%81%E5%87%BA%E3%81%97%20not%3A%E3%83%AC%E3%82%B8%20not%3A%E8%B2%A9%E5%A3%B2%20not%3A%E6%8E%A5%E5%AE%A2%20not%3A%E5%A3%B2%E5%A0%B4%20not%3A%E5%A3%B2%E3%82%8A%E5%A0%B4%20not%3A%E5%BA%97%E8%88%97%E3%82%B9%E3%82%BF%E3%83%83%E3%83%95%20not%3A%E3%82%B7%E3%83%A7%E3%83%83%E3%83%97%E3%82%B9%E3%82%BF%E3%83%83%E3%83%95%20not%3A%E8%B2%A9%E5%A3%B2%E5%93%A1%20not%3A%E5%95%86%E5%93%81%E7%AE%A1%E7%90%86%20not%3A%E3%83%89%E3%83%A9%E3%83%83%E3%82%B0%E3%82%B9%E3%83%88%E3%82%A2%20not%3A%E3%83%9B%E3%83%BC%E3%83%A0%E3%82%BB%E3%83%B3%E3%82%BF%E3%83%BC%20not%3A%E5%96%B6%E6%A5%AD%20not%3A%E3%83%AB%E3%83%BC%E3%83%88%E5%96%B6%E6%A5%AD%20not%3A%E6%8F%90%E6%A1%88%E5%96%B6%E6%A5%AD%20not%3A%E5%8F%8D%E9%9F%BF%E5%96%B6%E6%A5%AD%20not%3A%E4%B8%8D%E5%8B%95%E7%94%A3%E5%96%B6%E6%A5%AD%20not%3A%E4%BD%8F%E5%AE%85%E5%96%B6%E6%A5%AD%20not%3A%E4%BA%8B%E5%8B%99%20not%3A%E4%B8%80%E8%88%AC%E4%BA%8B%E5%8B%99%20not%3A%E5%96%B6%E6%A5%AD%E4%BA%8B%E5%8B%99%20not%3A%E5%8F%97%E4%BB%98%20not%3A%E7%B5%8C%E7%90%86%20not%3A%E7%B7%8F%E5%8B%99%20not%3A%E4%BA%BA%E4%BA%8B%20not%3A%E6%96%BD%E5%B7%A5%E7%AE%A1%E7%90%86%20not%3A%E7%8F%BE%E5%A0%B4%E7%9B%A3%E7%9D%A3%20not%3A%E5%BB%BA%E7%AF%89%E5%A3%AB%20not%3A%E8%A8%AD%E8%A8%88%20not%3ACAD%20not%3A%E7%A9%8D%E7%AE%97%20not%3A%E5%B7%A5%E7%A8%8B%E7%AE%A1%E7%90%86%20not%3A%E5%93%81%E8%B3%AA%E7%AE%A1%E7%90%86%20not%3A%E3%83%89%E3%83%A9%E3%82%A4%E3%83%90%E3%83%BC%20not%3A%E9%85%8D%E9%80%81%20not%3A%E9%85%8D%E9%81%94%20not%3A%E9%81%8B%E8%BB%A2%E6%89%8B%20not%3A%E5%80%89%E5%BA%AB%20not%3A%E7%89%A9%E6%B5%81%20not%3A%E3%83%95%E3%82%A9%E3%83%BC%E3%82%AF%E3%83%AA%E3%83%95%E3%83%88%20not%3A%E3%83%94%E3%83%83%E3%82%AD%E3%83%B3%E3%82%B0%20not%3A%E8%A3%BD%E9%80%A0%E3%82%AA%E3%83%9A%E3%83%AC%E3%83%BC%E3%82%BF%E3%83%BC%20not%3A%E5%B7%A5%E5%A0%B4%E4%BD%9C%E6%A5%AD%20not%3A%E3%83%A9%E3%82%A4%E3%83%B3%E4%BD%9C%E6%A5%AD%20not%3A%E6%A4%9C%E6%9F%BB%E5%93%A1%20not%3A%E7%B5%84%E7%AB%8B%E5%B7%A5%20not%3A%E8%AD%A6%E5%82%99%20not%3A%E6%B8%85%E6%8E%83%20not%3A%E4%BB%8B%E8%AD%B7%20not%3A%E7%9C%8B%E8%AD%B7%20not%3A%E4%BF%9D%E8%82%B2",false,false,
2026-08-08,求人ボックス,設備工事,北海道,建築・設備工事の見積査定,三井物産フォーサイト株式会社,東京都港区西新橋1-2-9 「技術部」 屋内禁煙（喫煙専用室設置） 【募集背景】 案件増加に伴う体制強化のため 【事業部人員構成】 部長：50代男性 メンバー：男性2名 事務担当1名 ◇本社事務所はフリーアドレスを採用しており、決まった席を設けていないため、仲間とのコミュニケーションが円滑になりとても働きやすい環境です。 ◇当社がお客様より受託している管理物件は、北海道から関西方面までと幅広く、商業施設、物流施設、オフィスビルなど種類も多岐にわたりますので、様々な経験を積むことができます。大手町に誕生した、当社関連会社のオフィスビルの修繕計画に携わることもできますよ。最新鋭の大規模複合施設なのでやりがいも充分！,北海道,から関西方面までと幅広く、商業施設、物流施設、オフィスビルなど種類も多岐にわたりますので、様々な経験を積むことができます。大手町,に誕生した、当社関連会社のオフィスビルの修繕計画に携わることもできますよ。最新鋭の大規模複合施設なのでやりがいも充分！,,,,年収372万円～648万円,年収,3720000,6480000,year,契約社員,,https://xn--pckua2a7gp15o89zb.com/jb/e9bbebe2562a23079c55df3c5a2d794c?utm_source=%E6%B1%82%E4%BA%BA%E3%83%9C%E3%83%83%E3%82%AF%E3%82%B9.com&utm_medium=referral,"https://xn--pckua2a7gp15o89zb.com/%E8%A8%AD%E5%82%99%E5%B7%A5%E4%BA%8Bの仕事-%E5%8C%97%E6%B5%B7%E9%81%93?e=5,3,4&q=not%3A%E5%93%81%E5%87%BA%E3%81%97%20not%3A%E3%83%AC%E3%82%B8%20not%3A%E8%B2%A9%E5%A3%B2%20not%3A%E6%8E%A5%E5%AE%A2%20not%3A%E5%A3%B2%E5%A0%B4%20not%3A%E5%A3%B2%E3%82%8A%E5%A0%B4%20not%3A%E5%BA%97%E8%88%97%E3%82%B9%E3%82%BF%E3%83%83%E3%83%95%20not%3A%E3%82%B7%E3%83%A7%E3%83%83%E3%83%97%E3%82%B9%E3%82%BF%E3%83%83%E3%83%95%20not%3A%E8%B2%A9%E5%A3%B2%E5%93%A1%20not%3A%E5%95%86%E5%93%81%E7%AE%A1%E7%90%86%20not%3A%E3%83%89%E3%83%A9%E3%83%83%E3%82%B0%E3%82%B9%E3%83%88%E3%82%A2%20not%3A%E3%83%9B%E3%83%BC%E3%83%A0%E3%82%BB%E3%83%B3%E3%82%BF%E3%83%BC%20not%3A%E5%96%B6%E6%A5%AD%20not%3A%E3%83%AB%E3%83%BC%E3%83%88%E5%96%B6%E6%A5%AD%20not%3A%E6%8F%90%E6%A1%88%E5%96%B6%E6%A5%AD%20not%3A%E5%8F%8D%E9%9F%BF%E5%96%B6%E6%A5%AD%20not%3A%E4%B8%8D%E5%8B%95%E7%94%A3%E5%96%B6%E6%A5%AD%20not%3A%E4%BD%8F%E5%AE%85%E5%96%B6%E6%A5%AD%20not%3A%E4%BA%8B%E5%8B%99%20not%3A%E4%B8%80%E8%88%AC%E4%BA%8B%E5%8B%99%20not%3A%E5%96%B6%E6%A5%AD%E4%BA%8B%E5%8B%99%20not%3A%E5%8F%97%E4%BB%98%20not%3A%E7%B5%8C%E7%90%86%20not%3A%E7%B7%8F%E5%8B%99%20not%3A%E4%BA%BA%E4%BA%8B%20not%3A%E6%96%BD%E5%B7%A5%E7%AE%A1%E7%90%86%20not%3A%E7%8F%BE%E5%A0%B4%E7%9B%A3%E7%9D%A3%20not%3A%E5%BB%BA%E7%AF%89%E5%A3%AB%20not%3A%E8%A8%AD%E8%A8%88%20not%3ACAD%20not%3A%E7%A9%8D%E7%AE%97%20not%3A%E5%B7%A5%E7%A8%8B%E7%AE%A1%E7%90%86%20not%3A%E5%93%81%E8%B3%AA%E7%AE%A1%E7%90%86%20not%3A%E3%83%89%E3%83%A9%E3%82%A4%E3%83%90%E3%83%BC%20not%3A%E9%85%8D%E9%80%81%20not%3A%E9%85%8D%E9%81%94%20not%3A%E9%81%8B%E8%BB%A2%E6%89%8B%20not%3A%E5%80%89%E5%BA%AB%20not%3A%E7%89%A9%E6%B5%81%20not%3A%E3%83%95%E3%82%A9%E3%83%BC%E3%82%AF%E3%83%AA%E3%83%95%E3%83%88%20not%3A%E3%83%94%E3%83%83%E3%82%AD%E3%83%B3%E3%82%B0%20not%3A%E8%A3%BD%E9%80%A0%E3%82%AA%E3%83%9A%E3%83%AC%E3%83%BC%E3%82%BF%E3%83%BC%20not%3A%E5%B7%A5%E5%A0%B4%E4%BD%9C%E6%A5%AD%20not%3A%E3%83%A9%E3%82%A4%E3%83%B3%E4%BD%9C%E6%A5%AD%20not%3A%E6%A4%9C%E6%9F%BB%E5%93%A1%20not%3A%E7%B5%84%E7%AB%8B%E5%B7%A5%20not%3A%E8%AD%A6%E5%82%99%20not%3A%E6%B8%85%E6%8E%83%20not%3A%E4%BB%8B%E8%AD%B7%20not%3A%E7%9C%8B%E8%AD%B7%20not%3A%E4%BF%9D%E8%82%B2",false,false,
2026-08-08,求人ボックス,設備工事,北海道,発電所・工場の電気設備工事スタッフ／月給30万円可×残業少なめ,株式会社double,北海道,北海道,,,,,,月給220000円 ～ 305000円,月給,220000,305000,month,契約社員 試用期間 試用期間あり 契約期間 ※求人票に記載が無い場合、お問い合わせいただければ内定時までに開示します。,,https://xn--pckua2a7gp15o89zb.com/jb/0a43b87ab690ecf8ba12eb2ffe0dcf05,"https://xn--pckua2a7gp15o89zb.com/%E8%A8%AD%E5%82%99%E5%B7%A5%E4%BA%8Bの仕事-%E5%8C%97%E6%B5%B7%E9%81%93?e=5,3,4&q=not%3A%E5%93%81%E5%87%BA%E3%81%97%20not%3A%E3%83%AC%E3%82%B8%20not%3A%E8%B2%A9%E5%A3%B2%20not%3A%E6%8E%A5%E5%AE%A2%20not%3A%E5%A3%B2%E5%A0%B4%20not%3A%E5%A3%B2%E3%82%8A%E5%A0%B4%20not%3A%E5%BA%97%E8%88%97%E3%82%B9%E3%82%BF%E3%83%83%E3%83%95%20not%3A%E3%82%B7%E3%83%A7%E3%83%83%E3%83%97%E3%82%B9%E3%82%BF%E3%83%83%E3%83%95%20not%3A%E8%B2%A9%E5%A3%B2%E5%93%A1%20not%3A%E5%95%86%E5%93%81%E7%AE%A1%E7%90%86%20not%3A%E3%83%89%E3%83%A9%E3%83%83%E3%82%B0%E3%82%B9%E3%83%88%E3%82%A2%20not%3A%E3%83%9B%E3%83%BC%E3%83%A0%E3%82%BB%E3%83%B3%E3%82%BF%E3%83%BC%20not%3A%E5%96%B6%E6%A5%AD%20not%3A%E3%83%AB%E3%83%BC%E3%83%88%E5%96%B6%E6%A5%AD%20not%3A%E6%8F%90%E6%A1%88%E5%96%B6%E6%A5%AD%20not%3A%E5%8F%8D%E9%9F%BF%E5%96%B6%E6%A5%AD%20not%3A%E4%B8%8D%E5%8B%95%E7%94%A3%E5%96%B6%E6%A5%AD%20not%3A%E4%BD%8F%E5%AE%85%E5%96%B6%E6%A5%AD%20not%3A%E4%BA%8B%E5%8B%99%20not%3A%E4%B8%80%E8%88%AC%E4%BA%8B%E5%8B%99%20not%3A%E5%96%B6%E6%A5%AD%E4%BA%8B%E5%8B%99%20not%3A%E5%8F%97%E4%BB%98%20not%3A%E7%B5%8C%E7%90%86%20not%3A%E7%B7%8F%E5%8B%99%20not%3A%E4%BA%BA%E4%BA%8B%20not%3A%E6%96%BD%E5%B7%A5%E7%AE%A1%E7%90%86%20not%3A%E7%8F%BE%E5%A0%B4%E7%9B%A3%E7%9D%A3%20not%3A%E5%BB%BA%E7%AF%89%E5%A3%AB%20not%3A%E8%A8%AD%E8%A8%88%20not%3ACAD%20not%3A%E7%A9%8D%E7%AE%97%20not%3A%E5%B7%A5%E7%A8%8B%E7%AE%A1%E7%90%86%20not%3A%E5%93%81%E8%B3%AA%E7%AE%A1%E7%90%86%20not%3A%E3%83%89%E3%83%A9%E3%82%A4%E3%83%90%E3%83%BC%20not%3A%E9%85%8D%E9%80%81%20not%3A%E9%85%8D%E9%81%94%20not%3A%E9%81%8B%E8%BB%A2%E6%89%8B%20not%3A%E5%80%89%E5%BA%AB%20not%3A%E7%89%A9%E6%B5%81%20not%3A%E3%83%95%E3%82%A9%E3%83%BC%E3%82%AF%E3%83%AA%E3%83%95%E3%83%88%20not%3A%E3%83%94%E3%83%83%E3%82%AD%E3%83%B3%E3%82%B0%20not%3A%E8%A3%BD%E9%80%A0%E3%82%AA%E3%83%9A%E3%83%AC%E3%83%BC%E3%82%BF%E3%83%BC%20not%3A%E5%B7%A5%E5%A0%B4%E4%BD%9C%E6%A5%AD%20not%3A%E3%83%A9%E3%82%A4%E3%83%B3%E4%BD%9C%E6%A5%AD%20not%3A%E6%A4%9C%E6%9F%BB%E5%93%A1%20not%3A%E7%B5%84%E7%AB%8B%E5%B7%A5%20not%3A%E8%AD%A6%E5%82%99%20not%3A%E6%B8%85%E6%8E%83%20not%3A%E4%BB%8B%E8%AD%B7%20not%3A%E7%9C%8B%E8%AD%B7%20not%3A%E4%BF%9D%E8%82%B2",false,false,
2026-08-08,求人ボックス,設備工事,北海道,電気設備工事スタッフ／資格不問・未経験歓迎・有資格者優遇 年内,株式会社みずほ電工社,北海道 札幌市 東区,北海道,札幌市東区,,,,,月給25万円～,月給,250000,250000,month,契約社員,,https://xn--pckua2a7gp15o89zb.com/jb/298e47dad5e0d7ef4e84c4e91928ff52,"https://xn--pckua2a7gp15o89zb.com/%E8%A8%AD%E5%82%99%E5%B7%A5%E4%BA%8Bの仕事-%E5%8C%97%E6%B5%B7%E9%81%93?e=5,3,4&q=not%3A%E5%93%81%E5%87%BA%E3%81%97%20not%3A%E3%83%AC%E3%82%B8%20not%3A%E8%B2%A9%E5%A3%B2%20not%3A%E6%8E%A5%E5%AE%A2%20not%3A%E5%A3%B2%E5%A0%B4%20not%3A%E5%A3%B2%E3%82%8A%E5%A0%B4%20not%3A%E5%BA%97%E8%88%97%E3%82%B9%E3%82%BF%E3%83%83%E3%83%95%20not%3A%E3%82%B7%E3%83%A7%E3%83%83%E3%83%97%E3%82%B9%E3%82%BF%E3%83%83%E3%83%95%20not%3A%E8%B2%A9%E5%A3%B2%E5%93%A1%20not%3A%E5%95%86%E5%93%81%E7%AE%A1%E7%90%86%20not%3A%E3%83%89%E3%83%A9%E3%83%83%E3%82%B0%E3%82%B9%E3%83%88%E3%82%A2%20not%3A%E3%83%9B%E3%83%BC%E3%83%A0%E3%82%BB%E3%83%B3%E3%82%BF%E3%83%BC%20not%3A%E5%96%B6%E6%A5%AD%20not%3A%E3%83%AB%E3%83%BC%E3%83%88%E5%96%B6%E6%A5%AD%20not%3A%E6%8F%90%E6%A1%88%E5%96%B6%E6%A5%AD%20not%3A%E5%8F%8D%E9%9F%BF%E5%96%B6%E6%A5%AD%20not%3A%E4%B8%8D%E5%8B%95%E7%94%A3%E5%96%B6%E6%A5%AD%20not%3A%E4%BD%8F%E5%AE%85%E5%96%B6%E6%A5%AD%20not%3A%E4%BA%8B%E5%8B%99%20not%3A%E4%B8%80%E8%88%AC%E4%BA%8B%E5%8B%99%20not%3A%E5%96%B6%E6%A5%AD%E4%BA%8B%E5%8B%99%20not%3A%E5%8F%97%E4%BB%98%20not%3A%E7%B5%8C%E7%90%86%20not%3A%E7%B7%8F%E5%8B%99%20not%3A%E4%BA%BA%E4%BA%8B%20not%3A%E6%96%BD%E5%B7%A5%E7%AE%A1%E7%90%86%20not%3A%E7%8F%BE%E5%A0%B4%E7%9B%A3%E7%9D%A3%20not%3A%E5%BB%BA%E7%AF%89%E5%A3%AB%20not%3A%E8%A8%AD%E8%A8%88%20not%3ACAD%20not%3A%E7%A9%8D%E7%AE%97%20not%3A%E5%B7%A5%E7%A8%8B%E7%AE%A1%E7%90%86%20not%3A%E5%93%81%E8%B3%AA%E7%AE%A1%E7%90%86%20not%3A%E3%83%89%E3%83%A9%E3%82%A4%E3%83%90%E3%83%BC%20not%3A%E9%85%8D%E9%80%81%20not%3A%E9%85%8D%E9%81%94%20not%3A%E9%81%8B%E8%BB%A2%E6%89%8B%20not%3A%E5%80%89%E5%BA%AB%20not%3A%E7%89%A9%E6%B5%81%20not%3A%E3%83%95%E3%82%A9%E3%83%BC%E3%82%AF%E3%83%AA%E3%83%95%E3%83%88%20not%3A%E3%83%94%E3%83%83%E3%82%AD%E3%83%B3%E3%82%B0%20not%3A%E8%A3%BD%E9%80%A0%E3%82%AA%E3%83%9A%E3%83%AC%E3%83%BC%E3%82%BF%E3%83%BC%20not%3A%E5%B7%A5%E5%A0%B4%E4%BD%9C%E6%A5%AD%20not%3A%E3%83%A9%E3%82%A4%E3%83%B3%E4%BD%9C%E6%A5%AD%20not%3A%E6%A4%9C%E6%9F%BB%E5%93%A1%20not%3A%E7%B5%84%E7%AB%8B%E5%B7%A5%20not%3A%E8%AD%A6%E5%82%99%20not%3A%E6%B8%85%E6%8E%83%20not%3A%E4%BB%8B%E8%AD%B7%20not%3A%E7%9C%8B%E8%AD%B7%20not%3A%E4%BF%9D%E8%82%B2",false,false,
2026-08-08,求人ボックス,設備工事,北海道,電気設備工事監理／年間休120日・住宅手当、家賃補助等の福利厚生充実,伊藤組土建株式会社,北海道 札幌市 札幌駅,北海道,札幌市,札幌,,,,年収400万円～600万円 / 賞与あり・昇給あり,年収,4000000,6000000,year,正社員 / 契約社員,,https://xn--pckua2a7gp15o89zb.com/jb/670a929eb2fc2e7513b9638b98dff322,"https://xn--pckua2a7gp15o89zb.com/%E8%A8%AD%E5%82%99%E5%B7%A5%E4%BA%8Bの仕事-%E5%8C%97%E6%B5%B7%E9%81%93?e=5,3,4&q=not%3A%E5%93%81%E5%87%BA%E3%81%97%20not%3A%E3%83%AC%E3%82%B8%20not%3A%E8%B2%A9%E5%A3%B2%20not%3A%E6%8E%A5%E5%AE%A2%20not%3A%E5%A3%B2%E5%A0%B4%20not%3A%E5%A3%B2%E3%82%8A%E5%A0%B4%20not%3A%E5%BA%97%E8%88%97%E3%82%B9%E3%82%BF%E3%83%83%E3%83%95%20not%3A%E3%82%B7%E3%83%A7%E3%83%83%E3%83%97%E3%82%B9%E3%82%BF%E3%83%83%E3%83%95%20not%3A%E8%B2%A9%E5%A3%B2%E5%93%A1%20not%3A%E5%95%86%E5%93%81%E7%AE%A1%E7%90%86%20not%3A%E3%83%89%E3%83%A9%E3%83%83%E3%82%B0%E3%82%B9%E3%83%88%E3%82%A2%20not%3A%E3%83%9B%E3%83%BC%E3%83%A0%E3%82%BB%E3%83%B3%E3%82%BF%E3%83%BC%20not%3A%E5%96%B6%E6%A5%AD%20not%3A%E3%83%AB%E3%83%BC%E3%83%88%E5%96%B6%E6%A5%AD%20not%3A%E6%8F%90%E6%A1%88%E5%96%B6%E6%A5%AD%20not%3A%E5%8F%8D%E9%9F%BF%E5%96%B6%E6%A5%AD%20not%3A%E4%B8%8D%E5%8B%95%E7%94%A3%E5%96%B6%E6%A5%AD%20not%3A%E4%BD%8F%E5%AE%85%E5%96%B6%E6%A5%AD%20not%3A%E4%BA%8B%E5%8B%99%20not%3A%E4%B8%80%E8%88%AC%E4%BA%8B%E5%8B%99%20not%3A%E5%96%B6%E6%A5%AD%E4%BA%8B%E5%8B%99%20not%3A%E5%8F%97%E4%BB%98%20not%3A%E7%B5%8C%E7%90%86%20not%3A%E7%B7%8F%E5%8B%99%20not%3A%E4%BA%BA%E4%BA%8B%20not%3A%E6%96%BD%E5%B7%A5%E7%AE%A1%E7%90%86%20not%3A%E7%8F%BE%E5%A0%B4%E7%9B%A3%E7%9D%A3%20not%3A%E5%BB%BA%E7%AF%89%E5%A3%AB%20not%3A%E8%A8%AD%E8%A8%88%20not%3ACAD%20not%3A%E7%A9%8D%E7%AE%97%20not%3A%E5%B7%A5%E7%A8%8B%E7%AE%A1%E7%90%86%20not%3A%E5%93%81%E8%B3%AA%E7%AE%A1%E7%90%86%20not%3A%E3%83%89%E3%83%A9%E3%82%A4%E3%83%90%E3%83%BC%20not%3A%E9%85%8D%E9%80%81%20not%3A%E9%85%8D%E9%81%94%20not%3A%E9%81%8B%E8%BB%A2%E6%89%8B%20not%3A%E5%80%89%E5%BA%AB%20not%3A%E7%89%A9%E6%B5%81%20not%3A%E3%83%95%E3%82%A9%E3%83%BC%E3%82%AF%E3%83%AA%E3%83%95%E3%83%88%20not%3A%E3%83%94%E3%83%83%E3%82%AD%E3%83%B3%E3%82%B0%20not%3A%E8%A3%BD%E9%80%A0%E3%82%AA%E3%83%9A%E3%83%AC%E3%83%BC%E3%82%BF%E3%83%BC%20not%3A%E5%B7%A5%E5%A0%B4%E4%BD%9C%E6%A5%AD%20not%3A%E3%83%A9%E3%82%A4%E3%83%B3%E4%BD%9C%E6%A5%AD%20not%3A%E6%A4%9C%E6%9F%BB%E5%93%A1%20not%3A%E7%B5%84%E7%AB%8B%E5%B7%A5%20not%3A%E8%AD%A6%E5%82%99%20not%3A%E6%B8%85%E6%8E%83%20not%3A%E4%BB%8B%E8%AD%B7%20not%3A%E7%9C%8B%E8%AD%B7%20not%3A%E4%BF%9D%E8%82%B2",true,false,
2026-08-08,求人ボックス,電気工事,北海道,店舗や施設の電気工事スタッフ／資格取得支援&昇給あり,株式会社double,北海道,北海道,,,,,,月給200000円 ～ 330000円,月給,200000,330000,month,契約社員 試用期間 試用期間あり 契約期間 ※求人票に記載が無い場合、お問い合わせいただければ内定時までに開示します。,,https://xn--pckua2a7gp15o89zb.com/jb/f06e2af7e2af366a07a530db44bf1540,"https://xn--pckua2a7gp15o89zb.com/%E9%9B%BB%E6%B0%97%E5%B7%A5%E4%BA%8Bの仕事-%E5%8C%97%E6%B5%B7%E9%81%93?e=5,3,4&q=not%3A%E5%93%81%E5%87%BA%E3%81%97%20not%3A%E3%83%AC%E3%82%B8%20not%3A%E8%B2%A9%E5%A3%B2%20not%3A%E6%8E%A5%E5%AE%A2%20not%3A%E5%A3%B2%E5%A0%B4%20not%3A%E5%A3%B2%E3%82%8A%E5%A0%B4%20not%3A%E5%BA%97%E8%88%97%E3%82%B9%E3%82%BF%E3%83%83%E3%83%95%20not%3A%E3%82%B7%E3%83%A7%E3%83%83%E3%83%97%E3%82%B9%E3%82%BF%E3%83%83%E3%83%95%20not%3A%E8%B2%A9%E5%A3%B2%E5%93%A1%20not%3A%E5%95%86%E5%93%81%E7%AE%A1%E7%90%86%20not%3A%E3%83%89%E3%83%A9%E3%83%83%E3%82%B0%E3%82%B9%E3%83%88%E3%82%A2%20not%3A%E3%83%9B%E3%83%BC%E3%83%A0%E3%82%BB%E3%83%B3%E3%82%BF%E3%83%BC%20not%3A%E5%96%B6%E6%A5%AD%20not%3A%E3%83%AB%E3%83%BC%E3%83%88%E5%96%B6%E6%A5%AD%20not%3A%E6%8F%90%E6%A1%88%E5%96%B6%E6%A5%AD%20not%3A%E5%8F%8D%E9%9F%BF%E5%96%B6%E6%A5%AD%20not%3A%E4%B8%8D%E5%8B%95%E7%94%A3%E5%96%B6%E6%A5%AD%20not%3A%E4%BD%8F%E5%AE%85%E5%96%B6%E6%A5%AD%20not%3A%E4%BA%8B%E5%8B%99%20not%3A%E4%B8%80%E8%88%AC%E4%BA%8B%E5%8B%99%20not%3A%E5%96%B6%E6%A5%AD%E4%BA%8B%E5%8B%99%20not%3A%E5%8F%97%E4%BB%98%20not%3A%E7%B5%8C%E7%90%86%20not%3A%E7%B7%8F%E5%8B%99%20not%3A%E4%BA%BA%E4%BA%8B%20not%3A%E6%96%BD%E5%B7%A5%E7%AE%A1%E7%90%86%20not%3A%E7%8F%BE%E5%A0%B4%E7%9B%A3%E7%9D%A3%20not%3A%E5%BB%BA%E7%AF%89%E5%A3%AB%20not%3A%E8%A8%AD%E8%A8%88%20not%3ACAD%20not%3A%E7%A9%8D%E7%AE%97%20not%3A%E5%B7%A5%E7%A8%8B%E7%AE%A1%E7%90%86%20not%3A%E5%93%81%E8%B3%AA%E7%AE%A1%E7%90%86%20not%3A%E3%83%89%E3%83%A9%E3%82%A4%E3%83%90%E3%83%BC%20not%3A%E9%85%8D%E9%80%81%20not%3A%E9%85%8D%E9%81%94%20not%3A%E9%81%8B%E8%BB%A2%E6%89%8B%20not%3A%E5%80%89%E5%BA%AB%20not%3A%E7%89%A9%E6%B5%81%20not%3A%E3%83%95%E3%82%A9%E3%83%BC%E3%82%AF%E3%83%AA%E3%83%95%E3%83%88%20not%3A%E3%83%94%E3%83%83%E3%82%AD%E3%83%B3%E3%82%B0%20not%3A%E8%A3%BD%E9%80%A0%E3%82%AA%E3%83%9A%E3%83%AC%E3%83%BC%E3%82%BF%E3%83%BC%20not%3A%E5%B7%A5%E5%A0%B4%E4%BD%9C%E6%A5%AD%20not%3A%E3%83%A9%E3%82%A4%E3%83%B3%E4%BD%9C%E6%A5%AD%20not%3A%E6%A4%9C%E6%9F%BB%E5%93%A1%20not%3A%E7%B5%84%E7%AB%8B%E5%B7%A5%20not%3A%E8%AD%A6%E5%82%99%20not%3A%E6%B8%85%E6%8E%83%20not%3A%E4%BB%8B%E8%AD%B7%20not%3A%E7%9C%8B%E8%AD%B7%20not%3A%E4%BF%9D%E8%82%B2",false,false,
2026-08-08,求人ボックス,電気工事,北海道,経験者!電気工事士の資格をお持ちの方,株式会社フランクリンフィット,北海道,北海道,,,,,,月給350000円 ～ 450000円,月給,350000,450000,month,業務委託 試用期間 試用期間なし 契約期間 ※求人票に記載が無い場合、お問い合わせいただければ内定時までに開示します。,,https://xn--pckua2a7gp15o89zb.com/jb/da19644bc301e9404b241ba2b4ce1b86,"https://xn--pckua2a7gp15o89zb.com/%E9%9B%BB%E6%B0%97%E5%B7%A5%E4%BA%8Bの仕事-%E5%8C%97%E6%B5%B7%E9%81%93?e=5,3,4&q=not%3A%E5%93%81%E5%87%BA%E3%81%97%20not%3A%E3%83%AC%E3%82%B8%20not%3A%E8%B2%A9%E5%A3%B2%20not%3A%E6%8E%A5%E5%AE%A2%20not%3A%E5%A3%B2%E5%A0%B4%20not%3A%E5%A3%B2%E3%82%8A%E5%A0%B4%20not%3A%E5%BA%97%E8%88%97%E3%82%B9%E3%82%BF%E3%83%83%E3%83%95%20not%3A%E3%82%B7%E3%83%A7%E3%83%83%E3%83%97%E3%82%B9%E3%82%BF%E3%83%83%E3%83%95%20not%3A%E8%B2%A9%E5%A3%B2%E5%93%A1%20not%3A%E5%95%86%E5%93%81%E7%AE%A1%E7%90%86%20not%3A%E3%83%89%E3%83%A9%E3%83%83%E3%82%B0%E3%82%B9%E3%83%88%E3%82%A2%20not%3A%E3%83%9B%E3%83%BC%E3%83%A0%E3%82%BB%E3%83%B3%E3%82%BF%E3%83%BC%20not%3A%E5%96%B6%E6%A5%AD%20not%3A%E3%83%AB%E3%83%BC%E3%83%88%E5%96%B6%E6%A5%AD%20not%3A%E6%8F%90%E6%A1%88%E5%96%B6%E6%A5%AD%20not%3A%E5%8F%8D%E9%9F%BF%E5%96%B6%E6%A5%AD%20not%3A%E4%B8%8D%E5%8B%95%E7%94%A3%E5%96%B6%E6%A5%AD%20not%3A%E4%BD%8F%E5%AE%85%E5%96%B6%E6%A5%AD%20not%3A%E4%BA%8B%E5%8B%99%20not%3A%E4%B8%80%E8%88%AC%E4%BA%8B%E5%8B%99%20not%3A%E5%96%B6%E6%A5%AD%E4%BA%8B%E5%8B%99%20not%3A%E5%8F%97%E4%BB%98%20not%3A%E7%B5%8C%E7%90%86%20not%3A%E7%B7%8F%E5%8B%99%20not%3A%E4%BA%BA%E4%BA%8B%20not%3A%E6%96%BD%E5%B7%A5%E7%AE%A1%E7%90%86%20not%3A%E7%8F%BE%E5%A0%B4%E7%9B%A3%E7%9D%A3%20not%3A%E5%BB%BA%E7%AF%89%E5%A3%AB%20not%3A%E8%A8%AD%E8%A8%88%20not%3ACAD%20not%3A%E7%A9%8D%E7%AE%97%20not%3A%E5%B7%A5%E7%A8%8B%E7%AE%A1%E7%90%86%20not%3A%E5%93%81%E8%B3%AA%E7%AE%A1%E7%90%86%20not%3A%E3%83%89%E3%83%A9%E3%82%A4%E3%83%90%E3%83%BC%20not%3A%E9%85%8D%E9%80%81%20not%3A%E9%85%8D%E9%81%94%20not%3A%E9%81%8B%E8%BB%A2%E6%89%8B%20not%3A%E5%80%89%E5%BA%AB%20not%3A%E7%89%A9%E6%B5%81%20not%3A%E3%83%95%E3%82%A9%E3%83%BC%E3%82%AF%E3%83%AA%E3%83%95%E3%83%88%20not%3A%E3%83%94%E3%83%83%E3%82%AD%E3%83%B3%E3%82%B0%20not%3A%E8%A3%BD%E9%80%A0%E3%82%AA%E3%83%9A%E3%83%AC%E3%83%BC%E3%82%BF%E3%83%BC%20not%3A%E5%B7%A5%E5%A0%B4%E4%BD%9C%E6%A5%AD%20not%3A%E3%83%A9%E3%82%A4%E3%83%B3%E4%BD%9C%E6%A5%AD%20not%3A%E6%A4%9C%E6%9F%BB%E5%93%A1%20not%3A%E7%B5%84%E7%AB%8B%E5%B7%A5%20not%3A%E8%AD%A6%E5%82%99%20not%3A%E6%B8%85%E6%8E%83%20not%3A%E4%BB%8B%E8%AD%B7%20not%3A%E7%9C%8B%E8%AD%B7%20not%3A%E4%BF%9D%E8%82%B2",false,false,
2026-08-08,求人ボックス,水道工事,北海道,下水道工事スタッフ／製管工／高単価案件／経験者優遇,和丸商店,北海道江別市 一番町32-3,北海道,江別市,一番町,32,3,,"日給1万8,000円～",日給,18000,18000,day,業務委託,,https://xn--pckua2a7gp15o89zb.com/jb/a622320a8c6fd3e5d7414b9a7d59a539,"https://xn--pckua2a7gp15o89zb.com/%E6%B0%B4%E9%81%93%E5%B7%A5%E4%BA%8Bの仕事-%E5%8C%97%E6%B5%B7%E9%81%93?e=5,3,4&q=not%3A%E5%93%81%E5%87%BA%E3%81%97%20not%3A%E3%83%AC%E3%82%B8%20not%3A%E8%B2%A9%E5%A3%B2%20not%3A%E6%8E%A5%E5%AE%A2%20not%3A%E5%A3%B2%E5%A0%B4%20not%3A%E5%A3%B2%E3%82%8A%E5%A0%B4%20not%3A%E5%BA%97%E8%88%97%E3%82%B9%E3%82%BF%E3%83%83%E3%83%95%20not%3A%E3%82%B7%E3%83%A7%E3%83%83%E3%83%97%E3%82%B9%E3%82%BF%E3%83%83%E3%83%95%20not%3A%E8%B2%A9%E5%A3%B2%E5%93%A1%20not%3A%E5%95%86%E5%93%81%E7%AE%A1%E7%90%86%20not%3A%E3%83%89%E3%83%A9%E3%83%83%E3%82%B0%E3%82%B9%E3%83%88%E3%82%A2%20not%3A%E3%83%9B%E3%83%BC%E3%83%A0%E3%82%BB%E3%83%B3%E3%82%BF%E3%83%BC%20not%3A%E5%96%B6%E6%A5%AD%20not%3A%E3%83%AB%E3%83%BC%E3%83%88%E5%96%B6%E6%A5%AD%20not%3A%E6%8F%90%E6%A1%88%E5%96%B6%E6%A5%AD%20not%3A%E5%8F%8D%E9%9F%BF%E5%96%B6%E6%A5%AD%20not%3A%E4%B8%8D%E5%8B%95%E7%94%A3%E5%96%B6%E6%A5%AD%20not%3A%E4%BD%8F%E5%AE%85%E5%96%B6%E6%A5%AD%20not%3A%E4%BA%8B%E5%8B%99%20not%3A%E4%B8%80%E8%88%AC%E4%BA%8B%E5%8B%99%20not%3A%E5%96%B6%E6%A5%AD%E4%BA%8B%E5%8B%99%20not%3A%E5%8F%97%E4%BB%98%20not%3A%E7%B5%8C%E7%90%86%20not%3A%E7%B7%8F%E5%8B%99%20not%3A%E4%BA%BA%E4%BA%8B%20not%3A%E6%96%BD%E5%B7%A5%E7%AE%A1%E7%90%86%20not%3A%E7%8F%BE%E5%A0%B4%E7%9B%A3%E7%9D%A3%20not%3A%E5%BB%BA%E7%AF%89%E5%A3%AB%20not%3A%E8%A8%AD%E8%A8%88%20not%3ACAD%20not%3A%E7%A9%8D%E7%AE%97%20not%3A%E5%B7%A5%E7%A8%8B%E7%AE%A1%E7%90%86%20not%3A%E5%93%81%E8%B3%AA%E7%AE%A1%E7%90%86%20not%3A%E3%83%89%E3%83%A9%E3%82%A4%E3%83%90%E3%83%BC%20not%3A%E9%85%8D%E9%80%81%20not%3A%E9%85%8D%E9%81%94%20not%3A%E9%81%8B%E8%BB%A2%E6%89%8B%20not%3A%E5%80%89%E5%BA%AB%20not%3A%E7%89%A9%E6%B5%81%20not%3A%E3%83%95%E3%82%A9%E3%83%BC%E3%82%AF%E3%83%AA%E3%83%95%E3%83%88%20not%3A%E3%83%94%E3%83%83%E3%82%AD%E3%83%B3%E3%82%B0%20not%3A%E8%A3%BD%E9%80%A0%E3%82%AA%E3%83%9A%E3%83%AC%E3%83%BC%E3%82%BF%E3%83%BC%20not%3A%E5%B7%A5%E5%A0%B4%E4%BD%9C%E6%A5%AD%20not%3A%E3%83%A9%E3%82%A4%E3%83%B3%E4%BD%9C%E6%A5%AD%20not%3A%E6%A4%9C%E6%9F%BB%E5%93%A1%20not%3A%E7%B5%84%E7%AB%8B%E5%B7%A5%20not%3A%E8%AD%A6%E5%82%99%20not%3A%E6%B8%85%E6%8E%83%20not%3A%E4%BB%8B%E8%AD%B7%20not%3A%E7%9C%8B%E8%AD%B7%20not%3A%E4%BF%9D%E8%82%B2",false,false,
2026-08-08,求人ボックス,とび,北海道,鳶工,旭建興業株式会社,0718136 北海道旭川市末広6条4丁目2-9,北海道,旭川市,末広,4,,,"日給9,000円",日給,9000,9000,day,契約社員,,https://xn--pckua2a7gp15o89zb.com/jb/eca7a3a48ef8039db0e5025c11d3866c,"https://xn--pckua2a7gp15o89zb.com/%E3%81%A8%E3%81%B3の仕事-%E5%8C%97%E6%B5%B7%E9%81%93?e=5,3,4&q=not%3A%E5%93%81%E5%87%BA%E3%81%97%20not%3A%E3%83%AC%E3%82%B8%20not%3A%E8%B2%A9%E5%A3%B2%20not%3A%E6%8E%A5%E5%AE%A2%20not%3A%E5%A3%B2%E5%A0%B4%20not%3A%E5%A3%B2%E3%82%8A%E5%A0%B4%20not%3A%E5%BA%97%E8%88%97%E3%82%B9%E3%82%BF%E3%83%83%E3%83%95%20not%3A%E3%82%B7%E3%83%A7%E3%83%83%E3%83%97%E3%82%B9%E3%82%BF%E3%83%83%E3%83%95%20not%3A%E8%B2%A9%E5%A3%B2%E5%93%A1%20not%3A%E5%95%86%E5%93%81%E7%AE%A1%E7%90%86%20not%3A%E3%83%89%E3%83%A9%E3%83%83%E3%82%B0%E3%82%B9%E3%83%88%E3%82%A2%20not%3A%E3%83%9B%E3%83%BC%E3%83%A0%E3%82%BB%E3%83%B3%E3%82%BF%E3%83%BC%20not%3A%E5%96%B6%E6%A5%AD%20not%3A%E3%83%AB%E3%83%BC%E3%83%88%E5%96%B6%E6%A5%AD%20not%3A%E6%8F%90%E6%A1%88%E5%96%B6%E6%A5%AD%20not%3A%E5%8F%8D%E9%9F%BF%E5%96%B6%E6%A5%AD%20not%3A%E4%B8%8D%E5%8B%95%E7%94%A3%E5%96%B6%E6%A5%AD%20not%3A%E4%BD%8F%E5%AE%85%E5%96%B6%E6%A5%AD%20not%3A%E4%BA%8B%E5%8B%99%20not%3A%E4%B8%80%E8%88%AC%E4%BA%8B%E5%8B%99%20not%3A%E5%96%B6%E6%A5%AD%E4%BA%8B%E5%8B%99%20not%3A%E5%8F%97%E4%BB%98%20not%3A%E7%B5%8C%E7%90%86%20not%3A%E7%B7%8F%E5%8B%99%20not%3A%E4%BA%BA%E4%BA%8B%20not%3A%E6%96%BD%E5%B7%A5%E7%AE%A1%E7%90%86%20not%3A%E7%8F%BE%E5%A0%B4%E7%9B%A3%E7%9D%A3%20not%3A%E5%BB%BA%E7%AF%89%E5%A3%AB%20not%3A%E8%A8%AD%E8%A8%88%20not%3ACAD%20not%3A%E7%A9%8D%E7%AE%97%20not%3A%E5%B7%A5%E7%A8%8B%E7%AE%A1%E7%90%86%20not%3A%E5%93%81%E8%B3%AA%E7%AE%A1%E7%90%86%20not%3A%E3%83%89%E3%83%A9%E3%82%A4%E3%83%90%E3%83%BC%20not%3A%E9%85%8D%E9%80%81%20not%3A%E9%85%8D%E9%81%94%20not%3A%E9%81%8B%E8%BB%A2%E6%89%8B%20not%3A%E5%80%89%E5%BA%AB%20not%3A%E7%89%A9%E6%B5%81%20not%3A%E3%83%95%E3%82%A9%E3%83%BC%E3%82%AF%E3%83%AA%E3%83%95%E3%83%88%20not%3A%E3%83%94%E3%83%83%E3%82%AD%E3%83%B3%E3%82%B0%20not%3A%E8%A3%BD%E9%80%A0%E3%82%AA%E3%83%9A%E3%83%AC%E3%83%BC%E3%82%BF%E3%83%BC%20not%3A%E5%B7%A5%E5%A0%B4%E4%BD%9C%E6%A5%AD%20not%3A%E3%83%A9%E3%82%A4%E3%83%B3%E4%BD%9C%E6%A5%AD%20not%3A%E6%A4%9C%E6%9F%BB%E5%93%A1%20not%3A%E7%B5%84%E7%AB%8B%E5%B7%A5%20not%3A%E8%AD%A6%E5%82%99%20not%3A%E6%B8%85%E6%8E%83%20not%3A%E4%BB%8B%E8%AD%B7%20not%3A%E7%9C%8B%E8%AD%B7%20not%3A%E4%BF%9D%E8%82%B2",false,false,
2026-08-08,求人ボックス,とび,北海道,とび・土工／重機オペレーター,株式会社広島組,北海道札幌市西区西町南12丁目5-13 廣島興業ビル２F,北海道,札幌市西区,西町南,12,,,月給23万円,月給,230000,230000,month,契約社員,,https://xn--pckua2a7gp15o89zb.com/jb/53798e2fd7dd86b38a1c29ae30adc6fc,"https://xn--pckua2a7gp15o89zb.com/%E3%81%A8%E3%81%B3の仕事-%E5%8C%97%E6%B5%B7%E9%81%93?e=5,3,4&q=not%3A%E5%93%81%E5%87%BA%E3%81%97%20not%3A%E3%83%AC%E3%82%B8%20not%3A%E8%B2%A9%E5%A3%B2%20not%3A%E6%8E%A5%E5%AE%A2%20not%3A%E5%A3%B2%E5%A0%B4%20not%3A%E5%A3%B2%E3%82%8A%E5%A0%B4%20not%3A%E5%BA%97%E8%88%97%E3%82%B9%E3%82%BF%E3%83%83%E3%83%95%20not%3A%E3%82%B7%E3%83%A7%E3%83%83%E3%83%97%E3%82%B9%E3%82%BF%E3%83%83%E3%83%95%20not%3A%E8%B2%A9%E5%A3%B2%E5%93%A1%20not%3A%E5%95%86%E5%93%81%E7%AE%A1%E7%90%86%20not%3A%E3%83%89%E3%83%A9%E3%83%83%E3%82%B0%E3%82%B9%E3%83%88%E3%82%A2%20not%3A%E3%83%9B%E3%83%BC%E3%83%A0%E3%82%BB%E3%83%B3%E3%82%BF%E3%83%BC%20not%3A%E5%96%B6%E6%A5%AD%20not%3A%E3%83%AB%E3%83%BC%E3%83%88%E5%96%B6%E6%A5%AD%20not%3A%E6%8F%90%E6%A1%88%E5%96%B6%E6%A5%AD%20not%3A%E5%8F%8D%E9%9F%BF%E5%96%B6%E6%A5%AD%20not%3A%E4%B8%8D%E5%8B%95%E7%94%A3%E5%96%B6%E6%A5%AD%20not%3A%E4%BD%8F%E5%AE%85%E5%96%B6%E6%A5%AD%20not%3A%E4%BA%8B%E5%8B%99%20not%3A%E4%B8%80%E8%88%AC%E4%BA%8B%E5%8B%99%20not%3A%E5%96%B6%E6%A5%AD%E4%BA%8B%E5%8B%99%20not%3A%E5%8F%97%E4%BB%98%20not%3A%E7%B5%8C%E7%90%86%20not%3A%E7%B7%8F%E5%8B%99%20not%3A%E4%BA%BA%E4%BA%8B%20not%3A%E6%96%BD%E5%B7%A5%E7%AE%A1%E7%90%86%20not%3A%E7%8F%BE%E5%A0%B4%E7%9B%A3%E7%9D%A3%20not%3A%E5%BB%BA%E7%AF%89%E5%A3%AB%20not%3A%E8%A8%AD%E8%A8%88%20not%3ACAD%20not%3A%E7%A9%8D%E7%AE%97%20not%3A%E5%B7%A5%E7%A8%8B%E7%AE%A1%E7%90%86%20not%3A%E5%93%81%E8%B3%AA%E7%AE%A1%E7%90%86%20not%3A%E3%83%89%E3%83%A9%E3%82%A4%E3%83%90%E3%83%BC%20not%3A%E9%85%8D%E9%80%81%20not%3A%E9%85%8D%E9%81%94%20not%3A%E9%81%8B%E8%BB%A2%E6%89%8B%20not%3A%E5%80%89%E5%BA%AB%20not%3A%E7%89%A9%E6%B5%81%20not%3A%E3%83%95%E3%82%A9%E3%83%BC%E3%82%AF%E3%83%AA%E3%83%95%E3%83%88%20not%3A%E3%83%94%E3%83%83%E3%82%AD%E3%83%B3%E3%82%B0%20not%3A%E8%A3%BD%E9%80%A0%E3%82%AA%E3%83%9A%E3%83%AC%E3%83%BC%E3%82%BF%E3%83%BC%20not%3A%E5%B7%A5%E5%A0%B4%E4%BD%9C%E6%A5%AD%20not%3A%E3%83%A9%E3%82%A4%E3%83%B3%E4%BD%9C%E6%A5%AD%20not%3A%E6%A4%9C%E6%9F%BB%E5%93%A1%20not%3A%E7%B5%84%E7%AB%8B%E5%B7%A5%20not%3A%E8%AD%A6%E5%82%99%20not%3A%E6%B8%85%E6%8E%83%20not%3A%E4%BB%8B%E8%AD%B7%20not%3A%E7%9C%8B%E8%AD%B7%20not%3A%E4%BF%9D%E8%82%B2",false,false,
2026-08-08,求人ボックス,とび,北海道,鳶工作業員,株式会社小鍛冶組,北海道 札幌市 東区,北海道,札幌市東区,,,,,"日給1万5,000円",日給,15000,15000,day,契約社員,6日前,https://xn--pckua2a7gp15o89zb.com/jb/669f4f0c65d757ec01d657c6b419299d,"https://xn--pckua2a7gp15o89zb.com/%E3%81%A8%E3%81%B3の仕事-%E5%8C%97%E6%B5%B7%E9%81%93?e=5,3,4&q=not%3A%E5%93%81%E5%87%BA%E3%81%97%20not%3A%E3%83%AC%E3%82%B8%20not%3A%E8%B2%A9%E5%A3%B2%20not%3A%E6%8E%A5%E5%AE%A2%20not%3A%E5%A3%B2%E5%A0%B4%20not%3A%E5%A3%B2%E3%82%8A%E5%A0%B4%20not%3A%E5%BA%97%E8%88%97%E3%82%B9%E3%82%BF%E3%83%83%E3%83%95%20not%3A%E3%82%B7%E3%83%A7%E3%83%83%E3%83%97%E3%82%B9%E3%82%BF%E3%83%83%E3%83%95%20not%3A%E8%B2%A9%E5%A3%B2%E5%93%A1%20not%3A%E5%95%86%E5%93%81%E7%AE%A1%E7%90%86%20not%3A%E3%83%89%E3%83%A9%E3%83%83%E3%82%B0%E3%82%B9%E3%83%88%E3%82%A2%20not%3A%E3%83%9B%E3%83%BC%E3%83%A0%E3%82%BB%E3%83%B3%E3%82%BF%E3%83%BC%20not%3A%E5%96%B6%E6%A5%AD%20not%3A%E3%83%AB%E3%83%BC%E3%83%88%E5%96%B6%E6%A5%AD%20not%3A%E6%8F%90%E6%A1%88%E5%96%B6%E6%A5%AD%20not%3A%E5%8F%8D%E9%9F%BF%E5%96%B6%E6%A5%AD%20not%3A%E4%B8%8D%E5%8B%95%E7%94%A3%E5%96%B6%E6%A5%AD%20not%3A%E4%BD%8F%E5%AE%85%E5%96%B6%E6%A5%AD%20not%3A%E4%BA%8B%E5%8B%99%20not%3A%E4%B8%80%E8%88%AC%E4%BA%8B%E5%8B%99%20not%3A%E5%96%B6%E6%A5%AD%E4%BA%8B%E5%8B%99%20not%3A%E5%8F%97%E4%BB%98%20not%3A%E7%B5%8C%E7%90%86%20not%3A%E7%B7%8F%E5%8B%99%20not%3A%E4%BA%BA%E4%BA%8B%20not%3A%E6%96%BD%E5%B7%A5%E7%AE%A1%E7%90%86%20not%3A%E7%8F%BE%E5%A0%B4%E7%9B%A3%E7%9D%A3%20not%3A%E5%BB%BA%E7%AF%89%E5%A3%AB%20not%3A%E8%A8%AD%E8%A8%88%20not%3ACAD%20not%3A%E7%A9%8D%E7%AE%97%20not%3A%E5%B7%A5%E7%A8%8B%E7%AE%A1%E7%90%86%20not%3A%E5%93%81%E8%B3%AA%E7%AE%A1%E7%90%86%20not%3A%E3%83%89%E3%83%A9%E3%82%A4%E3%83%90%E3%83%BC%20not%3A%E9%85%8D%E9%80%81%20not%3A%E9%85%8D%E9%81%94%20not%3A%E9%81%8B%E8%BB%A2%E6%89%8B%20not%3A%E5%80%89%E5%BA%AB%20not%3A%E7%89%A9%E6%B5%81%20not%3A%E3%83%95%E3%82%A9%E3%83%BC%E3%82%AF%E3%83%AA%E3%83%95%E3%83%88%20not%3A%E3%83%94%E3%83%83%E3%82%AD%E3%83%B3%E3%82%B0%20not%3A%E8%A3%BD%E9%80%A0%E3%82%AA%E3%83%9A%E3%83%AC%E3%83%BC%E3%82%BF%E3%83%BC%20not%3A%E5%B7%A5%E5%A0%B4%E4%BD%9C%E6%A5%AD%20not%3A%E3%83%A9%E3%82%A4%E3%83%B3%E4%BD%9C%E6%A5%AD%20not%3A%E6%A4%9C%E6%9F%BB%E5%93%A1%20not%3A%E7%B5%84%E7%AB%8B%E5%B7%A5%20not%3A%E8%AD%A6%E5%82%99%20not%3A%E6%B8%85%E6%8E%83%20not%3A%E4%BB%8B%E8%AD%B7%20not%3A%E7%9C%8B%E8%AD%B7%20not%3A%E4%BF%9D%E8%82%B2",false,false,
2026-08-08,求人ボックス,とび,北海道,大工・鳶／運送会社の車両整備,転職サービス Jobuddy,北海道 札幌市 大谷地駅 車4分,北海道,札幌市,大谷地,,,,"時給2,200円 / 交通費支給",時給,2200,2200,hour,派遣社員,,https://xn--pckua2a7gp15o89zb.com/jb/3dc2290635727e0a55674f6701717665,"https://xn--pckua2a7gp15o89zb.com/%E3%81%A8%E3%81%B3の仕事-%E5%8C%97%E6%B5%B7%E9%81%93?e=5,3,4&q=not%3A%E5%93%81%E5%87%BA%E3%81%97%20not%3A%E3%83%AC%E3%82%B8%20not%3A%E8%B2%A9%E5%A3%B2%20not%3A%E6%8E%A5%E5%AE%A2%20not%3A%E5%A3%B2%E5%A0%B4%20not%3A%E5%A3%B2%E3%82%8A%E5%A0%B4%20not%3A%E5%BA%97%E8%88%97%E3%82%B9%E3%82%BF%E3%83%83%E3%83%95%20not%3A%E3%82%B7%E3%83%A7%E3%83%83%E3%83%97%E3%82%B9%E3%82%BF%E3%83%83%E3%83%95%20not%3A%E8%B2%A9%E5%A3%B2%E5%93%A1%20not%3A%E5%95%86%E5%93%81%E7%AE%A1%E7%90%86%20not%3A%E3%83%89%E3%83%A9%E3%83%83%E3%82%B0%E3%82%B9%E3%83%88%E3%82%A2%20not%3A%E3%83%9B%E3%83%BC%E3%83%A0%E3%82%BB%E3%83%B3%E3%82%BF%E3%83%BC%20not%3A%E5%96%B6%E6%A5%AD%20not%3A%E3%83%AB%E3%83%BC%E3%83%88%E5%96%B6%E6%A5%AD%20not%3A%E6%8F%90%E6%A1%88%E5%96%B6%E6%A5%AD%20not%3A%E5%8F%8D%E9%9F%BF%E5%96%B6%E6%A5%AD%20not%3A%E4%B8%8D%E5%8B%95%E7%94%A3%E5%96%B6%E6%A5%AD%20not%3A%E4%BD%8F%E5%AE%85%E5%96%B6%E6%A5%AD%20not%3A%E4%BA%8B%E5%8B%99%20not%3A%E4%B8%80%E8%88%AC%E4%BA%8B%E5%8B%99%20not%3A%E5%96%B6%E6%A5%AD%E4%BA%8B%E5%8B%99%20not%3A%E5%8F%97%E4%BB%98%20not%3A%E7%B5%8C%E7%90%86%20not%3A%E7%B7%8F%E5%8B%99%20not%3A%E4%BA%BA%E4%BA%8B%20not%3A%E6%96%BD%E5%B7%A5%E7%AE%A1%E7%90%86%20not%3A%E7%8F%BE%E5%A0%B4%E7%9B%A3%E7%9D%A3%20not%3A%E5%BB%BA%E7%AF%89%E5%A3%AB%20not%3A%E8%A8%AD%E8%A8%88%20not%3ACAD%20not%3A%E7%A9%8D%E7%AE%97%20not%3A%E5%B7%A5%E7%A8%8B%E7%AE%A1%E7%90%86%20not%3A%E5%93%81%E8%B3%AA%E7%AE%A1%E7%90%86%20not%3A%E3%83%89%E3%83%A9%E3%82%A4%E3%83%90%E3%83%BC%20not%3A%E9%85%8D%E9%80%81%20not%3A%E9%85%8D%E9%81%94%20not%3A%E9%81%8B%E8%BB%A2%E6%89%8B%20not%3A%E5%80%89%E5%BA%AB%20not%3A%E7%89%A9%E6%B5%81%20not%3A%E3%83%95%E3%82%A9%E3%83%BC%E3%82%AF%E3%83%AA%E3%83%95%E3%83%88%20not%3A%E3%83%94%E3%83%83%E3%82%AD%E3%83%B3%E3%82%B0%20not%3A%E8%A3%BD%E9%80%A0%E3%82%AA%E3%83%9A%E3%83%AC%E3%83%BC%E3%82%BF%E3%83%BC%20not%3A%E5%B7%A5%E5%A0%B4%E4%BD%9C%E6%A5%AD%20not%3A%E3%83%A9%E3%82%A4%E3%83%B3%E4%BD%9C%E6%A5%AD%20not%3A%E6%A4%9C%E6%9F%BB%E5%93%A1%20not%3A%E7%B5%84%E7%AB%8B%E5%B7%A5%20not%3A%E8%AD%A6%E5%82%99%20not%3A%E6%B8%85%E6%8E%83%20not%3A%E4%BB%8B%E8%AD%B7%20not%3A%E7%9C%8B%E8%AD%B7%20not%3A%E4%BF%9D%E8%82%B2",false,false,
2026-08-08,求人ボックス,鉄筋工,北海道,鉄筋工／建設現場での加工・組立作業／学歴・経験不問,株式会社double,北海道,北海道,,,,,,月給177000円,月給,177000,177000,month,契約社員 試用期間 試用期間あり 契約期間 ※求人票に記載が無い場合、お問い合わせいただければ内定時までに開示します。,,https://xn--pckua2a7gp15o89zb.com/jb/b3876a96d9adcf60860ebd1f8000ffde,"https://xn--pckua2a7gp15o89zb.com/%E9%89%84%E7%AD%8B%E5%B7%A5の仕事-%E5%8C%97%E6%B5%B7%E9%81%93?e=5,3,4&q=not%3A%E5%93%81%E5%87%BA%E3%81%97%20not%3A%E3%83%AC%E3%82%B8%20not%3A%E8%B2%A9%E5%A3%B2%20not%3A%E6%8E%A5%E5%AE%A2%20not%3A%E5%A3%B2%E5%A0%B4%20not%3A%E5%A3%B2%E3%82%8A%E5%A0%B4%20not%3A%E5%BA%97%E8%88%97%E3%82%B9%E3%82%BF%E3%83%83%E3%83%95%20not%3A%E3%82%B7%E3%83%A7%E3%83%83%E3%83%97%E3%82%B9%E3%82%BF%E3%83%83%E3%83%95%20not%3A%E8%B2%A9%E5%A3%B2%E5%93%A1%20not%3A%E5%95%86%E5%93%81%E7%AE%A1%E7%90%86%20not%3A%E3%83%89%E3%83%A9%E3%83%83%E3%82%B0%E3%82%B9%E3%83%88%E3%82%A2%20not%3A%E3%83%9B%E3%83%BC%E3%83%A0%E3%82%BB%E3%83%B3%E3%82%BF%E3%83%BC%20not%3A%E5%96%B6%E6%A5%AD%20not%3A%E3%83%AB%E3%83%BC%E3%83%88%E5%96%B6%E6%A5%AD%20not%3A%E6%8F%90%E6%A1%88%E5%96%B6%E6%A5%AD%20not%3A%E5%8F%8D%E9%9F%BF%E5%96%B6%E6%A5%AD%20not%3A%E4%B8%8D%E5%8B%95%E7%94%A3%E5%96%B6%E6%A5%AD%20not%3A%E4%BD%8F%E5%AE%85%E5%96%B6%E6%A5%AD%20not%3A%E4%BA%8B%E5%8B%99%20not%3A%E4%B8%80%E8%88%AC%E4%BA%8B%E5%8B%99%20not%3A%E5%96%B6%E6%A5%AD%E4%BA%8B%E5%8B%99%20not%3A%E5%8F%97%E4%BB%98%20not%3A%E7%B5%8C%E7%90%86%20not%3A%E7%B7%8F%E5%8B%99%20not%3A%E4%BA%BA%E4%BA%8B%20not%3A%E6%96%BD%E5%B7%A5%E7%AE%A1%E7%90%86%20not%3A%E7%8F%BE%E5%A0%B4%E7%9B%A3%E7%9D%A3%20not%3A%E5%BB%BA%E7%AF%89%E5%A3%AB%20not%3A%E8%A8%AD%E8%A8%88%20not%3ACAD%20not%3A%E7%A9%8D%E7%AE%97%20not%3A%E5%B7%A5%E7%A8%8B%E7%AE%A1%E7%90%86%20not%3A%E5%93%81%E8%B3%AA%E7%AE%A1%E7%90%86%20not%3A%E3%83%89%E3%83%A9%E3%82%A4%E3%83%90%E3%83%BC%20not%3A%E9%85%8D%E9%80%81%20not%3A%E9%85%8D%E9%81%94%20not%3A%E9%81%8B%E8%BB%A2%E6%89%8B%20not%3A%E5%80%89%E5%BA%AB%20not%3A%E7%89%A9%E6%B5%81%20not%3A%E3%83%95%E3%82%A9%E3%83%BC%E3%82%AF%E3%83%AA%E3%83%95%E3%83%88%20not%3A%E3%83%94%E3%83%83%E3%82%AD%E3%83%B3%E3%82%B0%20not%3A%E8%A3%BD%E9%80%A0%E3%82%AA%E3%83%9A%E3%83%AC%E3%83%BC%E3%82%BF%E3%83%BC%20not%3A%E5%B7%A5%E5%A0%B4%E4%BD%9C%E6%A5%AD%20not%3A%E3%83%A9%E3%82%A4%E3%83%B3%E4%BD%9C%E6%A5%AD%20not%3A%E6%A4%9C%E6%9F%BB%E5%93%A1%20not%3A%E7%B5%84%E7%AB%8B%E5%B7%A5%20not%3A%E8%AD%A6%E5%82%99%20not%3A%E6%B8%85%E6%8E%83%20not%3A%E4%BB%8B%E8%AD%B7%20not%3A%E7%9C%8B%E8%AD%B7%20not%3A%E4%BF%9D%E8%82%B2",false,false,
2026-08-08,求人ボックス,鉄筋工,北海道,建設現場での鉄筋工募集／社会保険完備・オホーツク管内現場,株式会社斉藤工業,北海道北見市端野町三区335番地3,北海道,北見市端野町三区,,,335,,"月給17万7,000円",月給,177000,177000,month,正社員 / アルバイト・パート / 契約社員 / 業務委託,2025-09-26,https://xn--pckua2a7gp15o89zb.com/jbn/267f7f79298059a29401cced09262c35,"https://xn--pckua2a7gp15o89zb.com/%E9%89%84%E7%AD%8B%E5%B7%A5の仕事-%E5%8C%97%E6%B5%B7%E9%81%93?e=5,3,4&q=not%3A%E5%93%81%E5%87%BA%E3%81%97%20not%3A%E3%83%AC%E3%82%B8%20not%3A%E8%B2%A9%E5%A3%B2%20not%3A%E6%8E%A5%E5%AE%A2%20not%3A%E5%A3%B2%E5%A0%B4%20not%3A%E5%A3%B2%E3%82%8A%E5%A0%B4%20not%3A%E5%BA%97%E8%88%97%E3%82%B9%E3%82%BF%E3%83%83%E3%83%95%20not%3A%E3%82%B7%E3%83%A7%E3%83%83%E3%83%97%E3%82%B9%E3%82%BF%E3%83%83%E3%83%95%20not%3A%E8%B2%A9%E5%A3%B2%E5%93%A1%20not%3A%E5%95%86%E5%93%81%E7%AE%A1%E7%90%86%20not%3A%E3%83%89%E3%83%A9%E3%83%83%E3%82%B0%E3%82%B9%E3%83%88%E3%82%A2%20not%3A%E3%83%9B%E3%83%BC%E3%83%A0%E3%82%BB%E3%83%B3%E3%82%BF%E3%83%BC%20not%3A%E5%96%B6%E6%A5%AD%20not%3A%E3%83%AB%E3%83%BC%E3%83%88%E5%96%B6%E6%A5%AD%20not%3A%E6%8F%90%E6%A1%88%E5%96%B6%E6%A5%AD%20not%3A%E5%8F%8D%E9%9F%BF%E5%96%B6%E6%A5%AD%20not%3A%E4%B8%8D%E5%8B%95%E7%94%A3%E5%96%B6%E6%A5%AD%20not%3A%E4%BD%8F%E5%AE%85%E5%96%B6%E6%A5%AD%20not%3A%E4%BA%8B%E5%8B%99%20not%3A%E4%B8%80%E8%88%AC%E4%BA%8B%E5%8B%99%20not%3A%E5%96%B6%E6%A5%AD%E4%BA%8B%E5%8B%99%20not%3A%E5%8F%97%E4%BB%98%20not%3A%E7%B5%8C%E7%90%86%20not%3A%E7%B7%8F%E5%8B%99%20not%3A%E4%BA%BA%E4%BA%8B%20not%3A%E6%96%BD%E5%B7%A5%E7%AE%A1%E7%90%86%20not%3A%E7%8F%BE%E5%A0%B4%E7%9B%A3%E7%9D%A3%20not%3A%E5%BB%BA%E7%AF%89%E5%A3%AB%20not%3A%E8%A8%AD%E8%A8%88%20not%3ACAD%20not%3A%E7%A9%8D%E7%AE%97%20not%3A%E5%B7%A5%E7%A8%8B%E7%AE%A1%E7%90%86%20not%3A%E5%93%81%E8%B3%AA%E7%AE%A1%E7%90%86%20not%3A%E3%83%89%E3%83%A9%E3%82%A4%E3%83%90%E3%83%BC%20not%3A%E9%85%8D%E9%80%81%20not%3A%E9%85%8D%E9%81%94%20not%3A%E9%81%8B%E8%BB%A2%E6%89%8B%20not%3A%E5%80%89%E5%BA%AB%20not%3A%E7%89%A9%E6%B5%81%20not%3A%E3%83%95%E3%82%A9%E3%83%BC%E3%82%AF%E3%83%AA%E3%83%95%E3%83%88%20not%3A%E3%83%94%E3%83%83%E3%82%AD%E3%83%B3%E3%82%B0%20not%3A%E8%A3%BD%E9%80%A0%E3%82%AA%E3%83%9A%E3%83%AC%E3%83%BC%E3%82%BF%E3%83%BC%20not%3A%E5%B7%A5%E5%A0%B4%E4%BD%9C%E6%A5%AD%20not%3A%E3%83%A9%E3%82%A4%E3%83%B3%E4%BD%9C%E6%A5%AD%20not%3A%E6%A4%9C%E6%9F%BB%E5%93%A1%20not%3A%E7%B5%84%E7%AB%8B%E5%B7%A5%20not%3A%E8%AD%A6%E5%82%99%20not%3A%E6%B8%85%E6%8E%83%20not%3A%E4%BB%8B%E8%AD%B7%20not%3A%E7%9C%8B%E8%AD%B7%20not%3A%E4%BF%9D%E8%82%B2",true,false,
2026-08-08,求人ボックス,大工,北海道,トラック内装の組付け・加工／大工経験を活かして月収29万円可能の日勤ワ...,株式会社2peace,北海道北広島市,北海道,北広島市,,,,,"時給1,500円",時給,1500,1500,hour,派遣社員,,https://xn--pckua2a7gp15o89zb.com/jbn/6b25fecc8db0f77a78d6f4272e10385f,"https://xn--pckua2a7gp15o89zb.com/%E5%A4%A7%E5%B7%A5の仕事-%E5%8C%97%E6%B5%B7%E9%81%93?e=5,3,4&q=not%3A%E5%93%81%E5%87%BA%E3%81%97%20not%3A%E3%83%AC%E3%82%B8%20not%3A%E8%B2%A9%E5%A3%B2%20not%3A%E6%8E%A5%E5%AE%A2%20not%3A%E5%A3%B2%E5%A0%B4%20not%3A%E5%A3%B2%E3%82%8A%E5%A0%B4%20not%3A%E5%BA%97%E8%88%97%E3%82%B9%E3%82%BF%E3%83%83%E3%83%95%20not%3A%E3%82%B7%E3%83%A7%E3%83%83%E3%83%97%E3%82%B9%E3%82%BF%E3%83%83%E3%83%95%20not%3A%E8%B2%A9%E5%A3%B2%E5%93%A1%20not%3A%E5%95%86%E5%93%81%E7%AE%A1%E7%90%86%20not%3A%E3%83%89%E3%83%A9%E3%83%83%E3%82%B0%E3%82%B9%E3%83%88%E3%82%A2%20not%3A%E3%83%9B%E3%83%BC%E3%83%A0%E3%82%BB%E3%83%B3%E3%82%BF%E3%83%BC%20not%3A%E5%96%B6%E6%A5%AD%20not%3A%E3%83%AB%E3%83%BC%E3%83%88%E5%96%B6%E6%A5%AD%20not%3A%E6%8F%90%E6%A1%88%E5%96%B6%E6%A5%AD%20not%3A%E5%8F%8D%E9%9F%BF%E5%96%B6%E6%A5%AD%20not%3A%E4%B8%8D%E5%8B%95%E7%94%A3%E5%96%B6%E6%A5%AD%20not%3A%E4%BD%8F%E5%AE%85%E5%96%B6%E6%A5%AD%20not%3A%E4%BA%8B%E5%8B%99%20not%3A%E4%B8%80%E8%88%AC%E4%BA%8B%E5%8B%99%20not%3A%E5%96%B6%E6%A5%AD%E4%BA%8B%E5%8B%99%20not%3A%E5%8F%97%E4%BB%98%20not%3A%E7%B5%8C%E7%90%86%20not%3A%E7%B7%8F%E5%8B%99%20not%3A%E4%BA%BA%E4%BA%8B%20not%3A%E6%96%BD%E5%B7%A5%E7%AE%A1%E7%90%86%20not%3A%E7%8F%BE%E5%A0%B4%E7%9B%A3%E7%9D%A3%20not%3A%E5%BB%BA%E7%AF%89%E5%A3%AB%20not%3A%E8%A8%AD%E8%A8%88%20not%3ACAD%20not%3A%E7%A9%8D%E7%AE%97%20not%3A%E5%B7%A5%E7%A8%8B%E7%AE%A1%E7%90%86%20not%3A%E5%93%81%E8%B3%AA%E7%AE%A1%E7%90%86%20not%3A%E3%83%89%E3%83%A9%E3%82%A4%E3%83%90%E3%83%BC%20not%3A%E9%85%8D%E9%80%81%20not%3A%E9%85%8D%E9%81%94%20not%3A%E9%81%8B%E8%BB%A2%E6%89%8B%20not%3A%E5%80%89%E5%BA%AB%20not%3A%E7%89%A9%E6%B5%81%20not%3A%E3%83%95%E3%82%A9%E3%83%BC%E3%82%AF%E3%83%AA%E3%83%95%E3%83%88%20not%3A%E3%83%94%E3%83%83%E3%82%AD%E3%83%B3%E3%82%B0%20not%3A%E8%A3%BD%E9%80%A0%E3%82%AA%E3%83%9A%E3%83%AC%E3%83%BC%E3%82%BF%E3%83%BC%20not%3A%E5%B7%A5%E5%A0%B4%E4%BD%9C%E6%A5%AD%20not%3A%E3%83%A9%E3%82%A4%E3%83%B3%E4%BD%9C%E6%A5%AD%20not%3A%E6%A4%9C%E6%9F%BB%E5%93%A1%20not%3A%E7%B5%84%E7%AB%8B%E5%B7%A5%20not%3A%E8%AD%A6%E5%82%99%20not%3A%E6%B8%85%E6%8E%83%20not%3A%E4%BB%8B%E8%AD%B7%20not%3A%E7%9C%8B%E8%AD%B7%20not%3A%E4%BF%9D%E8%82%B2",false,false,
2026-08-08,求人ボックス,大工,北海道,リフォーム案件多!大工さんの募集,株式会社善笑,北海道,北海道,,,,,,日給13000円 ～ 25000円,日給,13000,25000,day,契約社員 試用期間 試用期間あり 契約期間 ※求人票に記載が無い場合、お問い合わせいただければ内定時までに開示します。,14日以上前,https://xn--pckua2a7gp15o89zb.com/jb/26bde4c01094ac813c01d753739be208,"https://xn--pckua2a7gp15o89zb.com/%E5%A4%A7%E5%B7%A5の仕事-%E5%8C%97%E6%B5%B7%E9%81%93?e=5,3,4&q=not%3A%E5%93%81%E5%87%BA%E3%81%97%20not%3A%E3%83%AC%E3%82%B8%20not%3A%E8%B2%A9%E5%A3%B2%20not%3A%E6%8E%A5%E5%AE%A2%20not%3A%E5%A3%B2%E5%A0%B4%20not%3A%E5%A3%B2%E3%82%8A%E5%A0%B4%20not%3A%E5%BA%97%E8%88%97%E3%82%B9%E3%82%BF%E3%83%83%E3%83%95%20not%3A%E3%82%B7%E3%83%A7%E3%83%83%E3%83%97%E3%82%B9%E3%82%BF%E3%83%83%E3%83%95%20not%3A%E8%B2%A9%E5%A3%B2%E5%93%A1%20not%3A%E5%95%86%E5%93%81%E7%AE%A1%E7%90%86%20not%3A%E3%83%89%E3%83%A9%E3%83%83%E3%82%B0%E3%82%B9%E3%83%88%E3%82%A2%20not%3A%E3%83%9B%E3%83%BC%E3%83%A0%E3%82%BB%E3%83%B3%E3%82%BF%E3%83%BC%20not%3A%E5%96%B6%E6%A5%AD%20not%3A%E3%83%AB%E3%83%BC%E3%83%88%E5%96%B6%E6%A5%AD%20not%3A%E6%8F%90%E6%A1%88%E5%96%B6%E6%A5%AD%20not%3A%E5%8F%8D%E9%9F%BF%E5%96%B6%E6%A5%AD%20not%3A%E4%B8%8D%E5%8B%95%E7%94%A3%E5%96%B6%E6%A5%AD%20not%3A%E4%BD%8F%E5%AE%85%E5%96%B6%E6%A5%AD%20not%3A%E4%BA%8B%E5%8B%99%20not%3A%E4%B8%80%E8%88%AC%E4%BA%8B%E5%8B%99%20not%3A%E5%96%B6%E6%A5%AD%E4%BA%8B%E5%8B%99%20not%3A%E5%8F%97%E4%BB%98%20not%3A%E7%B5%8C%E7%90%86%20not%3A%E7%B7%8F%E5%8B%99%20not%3A%E4%BA%BA%E4%BA%8B%20not%3A%E6%96%BD%E5%B7%A5%E7%AE%A1%E7%90%86%20not%3A%E7%8F%BE%E5%A0%B4%E7%9B%A3%E7%9D%A3%20not%3A%E5%BB%BA%E7%AF%89%E5%A3%AB%20not%3A%E8%A8%AD%E8%A8%88%20not%3ACAD%20not%3A%E7%A9%8D%E7%AE%97%20not%3A%E5%B7%A5%E7%A8%8B%E7%AE%A1%E7%90%86%20not%3A%E5%93%81%E8%B3%AA%E7%AE%A1%E7%90%86%20not%3A%E3%83%89%E3%83%A9%E3%82%A4%E3%83%90%E3%83%BC%20not%3A%E9%85%8D%E9%80%81%20not%3A%E9%85%8D%E9%81%94%20not%3A%E9%81%8B%E8%BB%A2%E6%89%8B%20not%3A%E5%80%89%E5%BA%AB%20not%3A%E7%89%A9%E6%B5%81%20not%3A%E3%83%95%E3%82%A9%E3%83%BC%E3%82%AF%E3%83%AA%E3%83%95%E3%83%88%20not%3A%E3%83%94%E3%83%83%E3%82%AD%E3%83%B3%E3%82%B0%20not%3A%E8%A3%BD%E9%80%A0%E3%82%AA%E3%83%9A%E3%83%AC%E3%83%BC%E3%82%BF%E3%83%BC%20not%3A%E5%B7%A5%E5%A0%B4%E4%BD%9C%E6%A5%AD%20not%3A%E3%83%A9%E3%82%A4%E3%83%B3%E4%BD%9C%E6%A5%AD%20not%3A%E6%A4%9C%E6%9F%BB%E5%93%A1%20not%3A%E7%B5%84%E7%AB%8B%E5%B7%A5%20not%3A%E8%AD%A6%E5%82%99%20not%3A%E6%B8%85%E6%8E%83%20not%3A%E4%BB%8B%E8%AD%B7%20not%3A%E7%9C%8B%E8%AD%B7%20not%3A%E4%BF%9D%E8%82%B2",false,false,
2026-08-08,求人ボックス,大工,北海道,急募 高収入 出張 宿あり 型枠大工 一人親方OK ブランクありOK,KT工業,北海道,北海道,,,,,,"日給1万8,000円～2万5,000円",日給,18000,25000,day,正社員 / アルバイト・パート / 契約社員 / 業務委託,,https://xn--pckua2a7gp15o89zb.com/jbi/b68d09907e0de60b3484692317451b7d,"https://xn--pckua2a7gp15o89zb.com/%E5%A4%A7%E5%B7%A5の仕事-%E5%8C%97%E6%B5%B7%E9%81%93?e=5,3,4&q=not%3A%E5%93%81%E5%87%BA%E3%81%97%20not%3A%E3%83%AC%E3%82%B8%20not%3A%E8%B2%A9%E5%A3%B2%20not%3A%E6%8E%A5%E5%AE%A2%20not%3A%E5%A3%B2%E5%A0%B4%20not%3A%E5%A3%B2%E3%82%8A%E5%A0%B4%20not%3A%E5%BA%97%E8%88%97%E3%82%B9%E3%82%BF%E3%83%83%E3%83%95%20not%3A%E3%82%B7%E3%83%A7%E3%83%83%E3%83%97%E3%82%B9%E3%82%BF%E3%83%83%E3%83%95%20not%3A%E8%B2%A9%E5%A3%B2%E5%93%A1%20not%3A%E5%95%86%E5%93%81%E7%AE%A1%E7%90%86%20not%3A%E3%83%89%E3%83%A9%E3%83%83%E3%82%B0%E3%82%B9%E3%83%88%E3%82%A2%20not%3A%E3%83%9B%E3%83%BC%E3%83%A0%E3%82%BB%E3%83%B3%E3%82%BF%E3%83%BC%20not%3A%E5%96%B6%E6%A5%AD%20not%3A%E3%83%AB%E3%83%BC%E3%83%88%E5%96%B6%E6%A5%AD%20not%3A%E6%8F%90%E6%A1%88%E5%96%B6%E6%A5%AD%20not%3A%E5%8F%8D%E9%9F%BF%E5%96%B6%E6%A5%AD%20not%3A%E4%B8%8D%E5%8B%95%E7%94%A3%E5%96%B6%E6%A5%AD%20not%3A%E4%BD%8F%E5%AE%85%E5%96%B6%E6%A5%AD%20not%3A%E4%BA%8B%E5%8B%99%20not%3A%E4%B8%80%E8%88%AC%E4%BA%8B%E5%8B%99%20not%3A%E5%96%B6%E6%A5%AD%E4%BA%8B%E5%8B%99%20not%3A%E5%8F%97%E4%BB%98%20not%3A%E7%B5%8C%E7%90%86%20not%3A%E7%B7%8F%E5%8B%99%20not%3A%E4%BA%BA%E4%BA%8B%20not%3A%E6%96%BD%E5%B7%A5%E7%AE%A1%E7%90%86%20not%3A%E7%8F%BE%E5%A0%B4%E7%9B%A3%E7%9D%A3%20not%3A%E5%BB%BA%E7%AF%89%E5%A3%AB%20not%3A%E8%A8%AD%E8%A8%88%20not%3ACAD%20not%3A%E7%A9%8D%E7%AE%97%20not%3A%E5%B7%A5%E7%A8%8B%E7%AE%A1%E7%90%86%20not%3A%E5%93%81%E8%B3%AA%E7%AE%A1%E7%90%86%20not%3A%E3%83%89%E3%83%A9%E3%82%A4%E3%83%90%E3%83%BC%20not%3A%E9%85%8D%E9%80%81%20not%3A%E9%85%8D%E9%81%94%20not%3A%E9%81%8B%E8%BB%A2%E6%89%8B%20not%3A%E5%80%89%E5%BA%AB%20not%3A%E7%89%A9%E6%B5%81%20not%3A%E3%83%95%E3%82%A9%E3%83%BC%E3%82%AF%E3%83%AA%E3%83%95%E3%83%88%20not%3A%E3%83%94%E3%83%83%E3%82%AD%E3%83%B3%E3%82%B0%20not%3A%E8%A3%BD%E9%80%A0%E3%82%AA%E3%83%9A%E3%83%AC%E3%83%BC%E3%82%BF%E3%83%BC%20not%3A%E5%B7%A5%E5%A0%B4%E4%BD%9C%E6%A5%AD%20not%3A%E3%83%A9%E3%82%A4%E3%83%B3%E4%BD%9C%E6%A5%AD%20not%3A%E6%A4%9C%E6%9F%BB%E5%93%A1%20not%3A%E7%B5%84%E7%AB%8B%E5%B7%A5%20not%3A%E8%AD%A6%E5%82%99%20not%3A%E6%B8%85%E6%8E%83%20not%3A%E4%BB%8B%E8%AD%B7%20not%3A%E7%9C%8B%E8%AD%B7%20not%3A%E4%BF%9D%E8%82%B2",true,false,
2026-08-08,求人ボックス,大工,北海道,スキルを活かせる!内装リフォームの大工さん,株式会社善寿／ZenHome,北海道 札幌市 新川駅,北海道,札幌市,新川,,,,"日給1万3,000円～2万5,000円",日給,13000,25000,day,契約社員,,https://xn--pckua2a7gp15o89zb.com/jb/2cdc44a8394b5effb0358d00c75b54b8,"https://xn--pckua2a7gp15o89zb.com/%E5%A4%A7%E5%B7%A5の仕事-%E5%8C%97%E6%B5%B7%E9%81%93?e=5,3,4&q=not%3A%E5%93%81%E5%87%BA%E3%81%97%20not%3A%E3%83%AC%E3%82%B8%20not%3A%E8%B2%A9%E5%A3%B2%20not%3A%E6%8E%A5%E5%AE%A2%20not%3A%E5%A3%B2%E5%A0%B4%20not%3A%E5%A3%B2%E3%82%8A%E5%A0%B4%20not%3A%E5%BA%97%E8%88%97%E3%82%B9%E3%82%BF%E3%83%83%E3%83%95%20not%3A%E3%82%B7%E3%83%A7%E3%83%83%E3%83%97%E3%82%B9%E3%82%BF%E3%83%83%E3%83%95%20not%3A%E8%B2%A9%E5%A3%B2%E5%93%A1%20not%3A%E5%95%86%E5%93%81%E7%AE%A1%E7%90%86%20not%3A%E3%83%89%E3%83%A9%E3%83%83%E3%82%B0%E3%82%B9%E3%83%88%E3%82%A2%20not%3A%E3%83%9B%E3%83%BC%E3%83%A0%E3%82%BB%E3%83%B3%E3%82%BF%E3%83%BC%20not%3A%E5%96%B6%E6%A5%AD%20not%3A%E3%83%AB%E3%83%BC%E3%83%88%E5%96%B6%E6%A5%AD%20not%3A%E6%8F%90%E6%A1%88%E5%96%B6%E6%A5%AD%20not%3A%E5%8F%8D%E9%9F%BF%E5%96%B6%E6%A5%AD%20not%3A%E4%B8%8D%E5%8B%95%E7%94%A3%E5%96%B6%E6%A5%AD%20not%3A%E4%BD%8F%E5%AE%85%E5%96%B6%E6%A5%AD%20not%3A%E4%BA%8B%E5%8B%99%20not%3A%E4%B8%80%E8%88%AC%E4%BA%8B%E5%8B%99%20not%3A%E5%96%B6%E6%A5%AD%E4%BA%8B%E5%8B%99%20not%3A%E5%8F%97%E4%BB%98%20not%3A%E7%B5%8C%E7%90%86%20not%3A%E7%B7%8F%E5%8B%99%20not%3A%E4%BA%BA%E4%BA%8B%20not%3A%E6%96%BD%E5%B7%A5%E7%AE%A1%E7%90%86%20not%3A%E7%8F%BE%E5%A0%B4%E7%9B%A3%E7%9D%A3%20not%3A%E5%BB%BA%E7%AF%89%E5%A3%AB%20not%3A%E8%A8%AD%E8%A8%88%20not%3ACAD%20not%3A%E7%A9%8D%E7%AE%97%20not%3A%E5%B7%A5%E7%A8%8B%E7%AE%A1%E7%90%86%20not%3A%E5%93%81%E8%B3%AA%E7%AE%A1%E7%90%86%20not%3A%E3%83%89%E3%83%A9%E3%82%A4%E3%83%90%E3%83%BC%20not%3A%E9%85%8D%E9%80%81%20not%3A%E9%85%8D%E9%81%94%20not%3A%E9%81%8B%E8%BB%A2%E6%89%8B%20not%3A%E5%80%89%E5%BA%AB%20not%3A%E7%89%A9%E6%B5%81%20not%3A%E3%83%95%E3%82%A9%E3%83%BC%E3%82%AF%E3%83%AA%E3%83%95%E3%83%88%20not%3A%E3%83%94%E3%83%83%E3%82%AD%E3%83%B3%E3%82%B0%20not%3A%E8%A3%BD%E9%80%A0%E3%82%AA%E3%83%9A%E3%83%AC%E3%83%BC%E3%82%BF%E3%83%BC%20not%3A%E5%B7%A5%E5%A0%B4%E4%BD%9C%E6%A5%AD%20not%3A%E3%83%A9%E3%82%A4%E3%83%B3%E4%BD%9C%E6%A5%AD%20not%3A%E6%A4%9C%E6%9F%BB%E5%93%A1%20not%3A%E7%B5%84%E7%AB%8B%E5%B7%A5%20not%3A%E8%AD%A6%E5%82%99%20not%3A%E6%B8%85%E6%8E%83%20not%3A%E4%BB%8B%E8%AD%B7%20not%3A%E7%9C%8B%E8%AD%B7%20not%3A%E4%BF%9D%E8%82%B2",false,false,
2026-08-08,求人ボックス,大工,北海道,大工,株式会社ナカ建築工房,北海道 札幌市 東札幌駅 徒歩21分,北海道,札幌市,東札幌,,,,,不明,,,unknown,業務委託,14日以上前,https://xn--pckua2a7gp15o89zb.com/jb/b657b6d76a6ad1ea90d6c8a60a58c5d7,"https://xn--pckua2a7gp15o89zb.com/%E5%A4%A7%E5%B7%A5の仕事-%E5%8C%97%E6%B5%B7%E9%81%93?e=5,3,4&q=not%3A%E5%93%81%E5%87%BA%E3%81%97%20not%3A%E3%83%AC%E3%82%B8%20not%3A%E8%B2%A9%E5%A3%B2%20not%3A%E6%8E%A5%E5%AE%A2%20not%3A%E5%A3%B2%E5%A0%B4%20not%3A%E5%A3%B2%E3%82%8A%E5%A0%B4%20not%3A%E5%BA%97%E8%88%97%E3%82%B9%E3%82%BF%E3%83%83%E3%83%95%20not%3A%E3%82%B7%E3%83%A7%E3%83%83%E3%83%97%E3%82%B9%E3%82%BF%E3%83%83%E3%83%95%20not%3A%E8%B2%A9%E5%A3%B2%E5%93%A1%20not%3A%E5%95%86%E5%93%81%E7%AE%A1%E7%90%86%20not%3A%E3%83%89%E3%83%A9%E3%83%83%E3%82%B0%E3%82%B9%E3%83%88%E3%82%A2%20not%3A%E3%83%9B%E3%83%BC%E3%83%A0%E3%82%BB%E3%83%B3%E3%82%BF%E3%83%BC%20not%3A%E5%96%B6%E6%A5%AD%20not%3A%E3%83%AB%E3%83%BC%E3%83%88%E5%96%B6%E6%A5%AD%20not%3A%E6%8F%90%E6%A1%88%E5%96%B6%E6%A5%AD%20not%3A%E5%8F%8D%E9%9F%BF%E5%96%B6%E6%A5%AD%20not%3A%E4%B8%8D%E5%8B%95%E7%94%A3%E5%96%B6%E6%A5%AD%20not%3A%E4%BD%8F%E5%AE%85%E5%96%B6%E6%A5%AD%20not%3A%E4%BA%8B%E5%8B%99%20not%3A%E4%B8%80%E8%88%AC%E4%BA%8B%E5%8B%99%20not%3A%E5%96%B6%E6%A5%AD%E4%BA%8B%E5%8B%99%20not%3A%E5%8F%97%E4%BB%98%20not%3A%E7%B5%8C%E7%90%86%20not%3A%E7%B7%8F%E5%8B%99%20not%3A%E4%BA%BA%E4%BA%8B%20not%3A%E6%96%BD%E5%B7%A5%E7%AE%A1%E7%90%86%20not%3A%E7%8F%BE%E5%A0%B4%E7%9B%A3%E7%9D%A3%20not%3A%E5%BB%BA%E7%AF%89%E5%A3%AB%20not%3A%E8%A8%AD%E8%A8%88%20not%3ACAD%20not%3A%E7%A9%8D%E7%AE%97%20not%3A%E5%B7%A5%E7%A8%8B%E7%AE%A1%E7%90%86%20not%3A%E5%93%81%E8%B3%AA%E7%AE%A1%E7%90%86%20not%3A%E3%83%89%E3%83%A9%E3%82%A4%E3%83%90%E3%83%BC%20not%3A%E9%85%8D%E9%80%81%20not%3A%E9%85%8D%E9%81%94%20not%3A%E9%81%8B%E8%BB%A2%E6%89%8B%20not%3A%E5%80%89%E5%BA%AB%20not%3A%E7%89%A9%E6%B5%81%20not%3A%E3%83%95%E3%82%A9%E3%83%BC%E3%82%AF%E3%83%AA%E3%83%95%E3%83%88%20not%3A%E3%83%94%E3%83%83%E3%82%AD%E3%83%B3%E3%82%B0%20not%3A%E8%A3%BD%E9%80%A0%E3%82%AA%E3%83%9A%E3%83%AC%E3%83%BC%E3%82%BF%E3%83%BC%20not%3A%E5%B7%A5%E5%A0%B4%E4%BD%9C%E6%A5%AD%20not%3A%E3%83%A9%E3%82%A4%E3%83%B3%E4%BD%9C%E6%A5%AD%20not%3A%E6%A4%9C%E6%9F%BB%E5%93%A1%20not%3A%E7%B5%84%E7%AB%8B%E5%B7%A5%20not%3A%E8%AD%A6%E5%82%99%20not%3A%E6%B8%85%E6%8E%83%20not%3A%E4%BB%8B%E8%AD%B7%20not%3A%E7%9C%8B%E8%AD%B7%20not%3A%E4%BF%9D%E8%82%B2",false,false,
2026-08-08,求人ボックス,大工,北海道,建築・土木 社員寮あり リフォーム現場の大工作業／日給15000~20...,株式会社建築舎,北海道 札幌市 栄町駅 車4分,北海道,札幌市,栄町,,,,,不明,,,unknown,業務委託,,https://xn--pckua2a7gp15o89zb.com/jb/2c2ead3a6476be43de868770c10fa690,"https://xn--pckua2a7gp15o89zb.com/%E5%A4%A7%E5%B7%A5の仕事-%E5%8C%97%E6%B5%B7%E9%81%93?e=5,3,4&q=not%3A%E5%93%81%E5%87%BA%E3%81%97%20not%3A%E3%83%AC%E3%82%B8%20not%3A%E8%B2%A9%E5%A3%B2%20not%3A%E6%8E%A5%E5%AE%A2%20not%3A%E5%A3%B2%E5%A0%B4%20not%3A%E5%A3%B2%E3%82%8A%E5%A0%B4%20not%3A%E5%BA%97%E8%88%97%E3%82%B9%E3%82%BF%E3%83%83%E3%83%95%20not%3A%E3%82%B7%E3%83%A7%E3%83%83%E3%83%97%E3%82%B9%E3%82%BF%E3%83%83%E3%83%95%20not%3A%E8%B2%A9%E5%A3%B2%E5%93%A1%20not%3A%E5%95%86%E5%93%81%E7%AE%A1%E7%90%86%20not%3A%E3%83%89%E3%83%A9%E3%83%83%E3%82%B0%E3%82%B9%E3%83%88%E3%82%A2%20not%3A%E3%83%9B%E3%83%BC%E3%83%A0%E3%82%BB%E3%83%B3%E3%82%BF%E3%83%BC%20not%3A%E5%96%B6%E6%A5%AD%20not%3A%E3%83%AB%E3%83%BC%E3%83%88%E5%96%B6%E6%A5%AD%20not%3A%E6%8F%90%E6%A1%88%E5%96%B6%E6%A5%AD%20not%3A%E5%8F%8D%E9%9F%BF%E5%96%B6%E6%A5%AD%20not%3A%E4%B8%8D%E5%8B%95%E7%94%A3%E5%96%B6%E6%A5%AD%20not%3A%E4%BD%8F%E5%AE%85%E5%96%B6%E6%A5%AD%20not%3A%E4%BA%8B%E5%8B%99%20not%3A%E4%B8%80%E8%88%AC%E4%BA%8B%E5%8B%99%20not%3A%E5%96%B6%E6%A5%AD%E4%BA%8B%E5%8B%99%20not%3A%E5%8F%97%E4%BB%98%20not%3A%E7%B5%8C%E7%90%86%20not%3A%E7%B7%8F%E5%8B%99%20not%3A%E4%BA%BA%E4%BA%8B%20not%3A%E6%96%BD%E5%B7%A5%E7%AE%A1%E7%90%86%20not%3A%E7%8F%BE%E5%A0%B4%E7%9B%A3%E7%9D%A3%20not%3A%E5%BB%BA%E7%AF%89%E5%A3%AB%20not%3A%E8%A8%AD%E8%A8%88%20not%3ACAD%20not%3A%E7%A9%8D%E7%AE%97%20not%3A%E5%B7%A5%E7%A8%8B%E7%AE%A1%E7%90%86%20not%3A%E5%93%81%E8%B3%AA%E7%AE%A1%E7%90%86%20not%3A%E3%83%89%E3%83%A9%E3%82%A4%E3%83%90%E3%83%BC%20not%3A%E9%85%8D%E9%80%81%20not%3A%E9%85%8D%E9%81%94%20not%3A%E9%81%8B%E8%BB%A2%E6%89%8B%20not%3A%E5%80%89%E5%BA%AB%20not%3A%E7%89%A9%E6%B5%81%20not%3A%E3%83%95%E3%82%A9%E3%83%BC%E3%82%AF%E3%83%AA%E3%83%95%E3%83%88%20not%3A%E3%83%94%E3%83%83%E3%82%AD%E3%83%B3%E3%82%B0%20not%3A%E8%A3%BD%E9%80%A0%E3%82%AA%E3%83%9A%E3%83%AC%E3%83%BC%E3%82%BF%E3%83%BC%20not%3A%E5%B7%A5%E5%A0%B4%E4%BD%9C%E6%A5%AD%20not%3A%E3%83%A9%E3%82%A4%E3%83%B3%E4%BD%9C%E6%A5%AD%20not%3A%E6%A4%9C%E6%9F%BB%E5%93%A1%20not%3A%E7%B5%84%E7%AB%8B%E5%B7%A5%20not%3A%E8%AD%A6%E5%82%99%20not%3A%E6%B8%85%E6%8E%83%20not%3A%E4%BB%8B%E8%AD%B7%20not%3A%E7%9C%8B%E8%AD%B7%20not%3A%E4%BF%9D%E8%82%B2",false,false,
2026-08-08,求人ボックス,大工,北海道,型枠大工,マル井三雄工業有限会社,北海道 札幌市 篠路駅 徒歩5分,北海道,札幌市,篠路,,,,"日給1万6,000円～1万7,000円",日給,16000,17000,day,契約社員,,https://xn--pckua2a7gp15o89zb.com/jb/df94b50314ab8c2eae767288e02291a9,"https://xn--pckua2a7gp15o89zb.com/%E5%A4%A7%E5%B7%A5の仕事-%E5%8C%97%E6%B5%B7%E9%81%93?e=5,3,4&q=not%3A%E5%93%81%E5%87%BA%E3%81%97%20not%3A%E3%83%AC%E3%82%B8%20not%3A%E8%B2%A9%E5%A3%B2%20not%3A%E6%8E%A5%E5%AE%A2%20not%3A%E5%A3%B2%E5%A0%B4%20not%3A%E5%A3%B2%E3%82%8A%E5%A0%B4%20not%3A%E5%BA%97%E8%88%97%E3%82%B9%E3%82%BF%E3%83%83%E3%83%95%20not%3A%E3%82%B7%E3%83%A7%E3%83%83%E3%83%97%E3%82%B9%E3%82%BF%E3%83%83%E3%83%95%20not%3A%E8%B2%A9%E5%A3%B2%E5%93%A1%20not%3A%E5%95%86%E5%93%81%E7%AE%A1%E7%90%86%20not%3A%E3%83%89%E3%83%A9%E3%83%83%E3%82%B0%E3%82%B9%E3%83%88%E3%82%A2%20not%3A%E3%83%9B%E3%83%BC%E3%83%A0%E3%82%BB%E3%83%B3%E3%82%BF%E3%83%BC%20not%3A%E5%96%B6%E6%A5%AD%20not%3A%E3%83%AB%E3%83%BC%E3%83%88%E5%96%B6%E6%A5%AD%20not%3A%E6%8F%90%E6%A1%88%E5%96%B6%E6%A5%AD%20not%3A%E5%8F%8D%E9%9F%BF%E5%96%B6%E6%A5%AD%20not%3A%E4%B8%8D%E5%8B%95%E7%94%A3%E5%96%B6%E6%A5%AD%20not%3A%E4%BD%8F%E5%AE%85%E5%96%B6%E6%A5%AD%20not%3A%E4%BA%8B%E5%8B%99%20not%3A%E4%B8%80%E8%88%AC%E4%BA%8B%E5%8B%99%20not%3A%E5%96%B6%E6%A5%AD%E4%BA%8B%E5%8B%99%20not%3A%E5%8F%97%E4%BB%98%20not%3A%E7%B5%8C%E7%90%86%20not%3A%E7%B7%8F%E5%8B%99%20not%3A%E4%BA%BA%E4%BA%8B%20not%3A%E6%96%BD%E5%B7%A5%E7%AE%A1%E7%90%86%20not%3A%E7%8F%BE%E5%A0%B4%E7%9B%A3%E7%9D%A3%20not%3A%E5%BB%BA%E7%AF%89%E5%A3%AB%20not%3A%E8%A8%AD%E8%A8%88%20not%3ACAD%20not%3A%E7%A9%8D%E7%AE%97%20not%3A%E5%B7%A5%E7%A8%8B%E7%AE%A1%E7%90%86%20not%3A%E5%93%81%E8%B3%AA%E7%AE%A1%E7%90%86%20not%3A%E3%83%89%E3%83%A9%E3%82%A4%E3%83%90%E3%83%BC%20not%3A%E9%85%8D%E9%80%81%20not%3A%E9%85%8D%E9%81%94%20not%3A%E9%81%8B%E8%BB%A2%E6%89%8B%20not%3A%E5%80%89%E5%BA%AB%20not%3A%E7%89%A9%E6%B5%81%20not%3A%E3%83%95%E3%82%A9%E3%83%BC%E3%82%AF%E3%83%AA%E3%83%95%E3%83%88%20not%3A%E3%83%94%E3%83%83%E3%82%AD%E3%83%B3%E3%82%B0%20not%3A%E8%A3%BD%E9%80%A0%E3%82%AA%E3%83%9A%E3%83%AC%E3%83%BC%E3%82%BF%E3%83%BC%20not%3A%E5%B7%A5%E5%A0%B4%E4%BD%9C%E6%A5%AD%20not%3A%E3%83%A9%E3%82%A4%E3%83%B3%E4%BD%9C%E6%A5%AD%20not%3A%E6%A4%9C%E6%9F%BB%E5%93%A1%20not%3A%E7%B5%84%E7%AB%8B%E5%B7%A5%20not%3A%E8%AD%A6%E5%82%99%20not%3A%E6%B8%85%E6%8E%83%20not%3A%E4%BB%8B%E8%AD%B7%20not%3A%E7%9C%8B%E8%AD%B7%20not%3A%E4%BF%9D%E8%82%B2",false,false,
2026-08-08,求人ボックス,大工,北海道,未経験者歓迎!性別不問!木造住宅の大工作業,有限会社勝栄工務店,北海道 札幌市 西区,北海道,札幌市西区,,,,,"日給1万円～1万8,000円",日給,10000,18000,day,契約社員,,https://xn--pckua2a7gp15o89zb.com/jb/3c737a33e2eff4dacba3066d19108ee8,"https://xn--pckua2a7gp15o89zb.com/%E5%A4%A7%E5%B7%A5の仕事-%E5%8C%97%E6%B5%B7%E9%81%93?e=5,3,4&q=not%3A%E5%93%81%E5%87%BA%E3%81%97%20not%3A%E3%83%AC%E3%82%B8%20not%3A%E8%B2%A9%E5%A3%B2%20not%3A%E6%8E%A5%E5%AE%A2%20not%3A%E5%A3%B2%E5%A0%B4%20not%3A%E5%A3%B2%E3%82%8A%E5%A0%B4%20not%3A%E5%BA%97%E8%88%97%E3%82%B9%E3%82%BF%E3%83%83%E3%83%95%20not%3A%E3%82%B7%E3%83%A7%E3%83%83%E3%83%97%E3%82%B9%E3%82%BF%E3%83%83%E3%83%95%20not%3A%E8%B2%A9%E5%A3%B2%E5%93%A1%20not%3A%E5%95%86%E5%93%81%E7%AE%A1%E7%90%86%20not%3A%E3%83%89%E3%83%A9%E3%83%83%E3%82%B0%E3%82%B9%E3%83%88%E3%82%A2%20not%3A%E3%83%9B%E3%83%BC%E3%83%A0%E3%82%BB%E3%83%B3%E3%82%BF%E3%83%BC%20not%3A%E5%96%B6%E6%A5%AD%20not%3A%E3%83%AB%E3%83%BC%E3%83%88%E5%96%B6%E6%A5%AD%20not%3A%E6%8F%90%E6%A1%88%E5%96%B6%E6%A5%AD%20not%3A%E5%8F%8D%E9%9F%BF%E5%96%B6%E6%A5%AD%20not%3A%E4%B8%8D%E5%8B%95%E7%94%A3%E5%96%B6%E6%A5%AD%20not%3A%E4%BD%8F%E5%AE%85%E5%96%B6%E6%A5%AD%20not%3A%E4%BA%8B%E5%8B%99%20not%3A%E4%B8%80%E8%88%AC%E4%BA%8B%E5%8B%99%20not%3A%E5%96%B6%E6%A5%AD%E4%BA%8B%E5%8B%99%20not%3A%E5%8F%97%E4%BB%98%20not%3A%E7%B5%8C%E7%90%86%20not%3A%E7%B7%8F%E5%8B%99%20not%3A%E4%BA%BA%E4%BA%8B%20not%3A%E6%96%BD%E5%B7%A5%E7%AE%A1%E7%90%86%20not%3A%E7%8F%BE%E5%A0%B4%E7%9B%A3%E7%9D%A3%20not%3A%E5%BB%BA%E7%AF%89%E5%A3%AB%20not%3A%E8%A8%AD%E8%A8%88%20not%3ACAD%20not%3A%E7%A9%8D%E7%AE%97%20not%3A%E5%B7%A5%E7%A8%8B%E7%AE%A1%E7%90%86%20not%3A%E5%93%81%E8%B3%AA%E7%AE%A1%E7%90%86%20not%3A%E3%83%89%E3%83%A9%E3%82%A4%E3%83%90%E3%83%BC%20not%3A%E9%85%8D%E9%80%81%20not%3A%E9%85%8D%E9%81%94%20not%3A%E9%81%8B%E8%BB%A2%E6%89%8B%20not%3A%E5%80%89%E5%BA%AB%20not%3A%E7%89%A9%E6%B5%81%20not%3A%E3%83%95%E3%82%A9%E3%83%BC%E3%82%AF%E3%83%AA%E3%83%95%E3%83%88%20not%3A%E3%83%94%E3%83%83%E3%82%AD%E3%83%B3%E3%82%B0%20not%3A%E8%A3%BD%E9%80%A0%E3%82%AA%E3%83%9A%E3%83%AC%E3%83%BC%E3%82%BF%E3%83%BC%20not%3A%E5%B7%A5%E5%A0%B4%E4%BD%9C%E6%A5%AD%20not%3A%E3%83%A9%E3%82%A4%E3%83%B3%E4%BD%9C%E6%A5%AD%20not%3A%E6%A4%9C%E6%9F%BB%E5%93%A1%20not%3A%E7%B5%84%E7%AB%8B%E5%B7%A5%20not%3A%E8%AD%A6%E5%82%99%20not%3A%E6%B8%85%E6%8E%83%20not%3A%E4%BB%8B%E8%AD%B7%20not%3A%E7%9C%8B%E8%AD%B7%20not%3A%E4%BF%9D%E8%82%B2",false,false,
2026-08-08,求人ボックス,大工,北海道,型枠大工,株式会社上田商会,北海道 千歳市,北海道,千歳市,,,,,月給30万円～44万円,月給,300000,440000,month,契約社員,,https://xn--pckua2a7gp15o89zb.com/jb/0fce2d109fe4e4c02c0411bda7f79d0c,"https://xn--pckua2a7gp15o89zb.com/%E5%A4%A7%E5%B7%A5の仕事-%E5%8C%97%E6%B5%B7%E9%81%93?e=5,3,4&q=not%3A%E5%93%81%E5%87%BA%E3%81%97%20not%3A%E3%83%AC%E3%82%B8%20not%3A%E8%B2%A9%E5%A3%B2%20not%3A%E6%8E%A5%E5%AE%A2%20not%3A%E5%A3%B2%E5%A0%B4%20not%3A%E5%A3%B2%E3%82%8A%E5%A0%B4%20not%3A%E5%BA%97%E8%88%97%E3%82%B9%E3%82%BF%E3%83%83%E3%83%95%20not%3A%E3%82%B7%E3%83%A7%E3%83%83%E3%83%97%E3%82%B9%E3%82%BF%E3%83%83%E3%83%95%20not%3A%E8%B2%A9%E5%A3%B2%E5%93%A1%20not%3A%E5%95%86%E5%93%81%E7%AE%A1%E7%90%86%20not%3A%E3%83%89%E3%83%A9%E3%83%83%E3%82%B0%E3%82%B9%E3%83%88%E3%82%A2%20not%3A%E3%83%9B%E3%83%BC%E3%83%A0%E3%82%BB%E3%83%B3%E3%82%BF%E3%83%BC%20not%3A%E5%96%B6%E6%A5%AD%20not%3A%E3%83%AB%E3%83%BC%E3%83%88%E5%96%B6%E6%A5%AD%20not%3A%E6%8F%90%E6%A1%88%E5%96%B6%E6%A5%AD%20not%3A%E5%8F%8D%E9%9F%BF%E5%96%B6%E6%A5%AD%20not%3A%E4%B8%8D%E5%8B%95%E7%94%A3%E5%96%B6%E6%A5%AD%20not%3A%E4%BD%8F%E5%AE%85%E5%96%B6%E6%A5%AD%20not%3A%E4%BA%8B%E5%8B%99%20not%3A%E4%B8%80%E8%88%AC%E4%BA%8B%E5%8B%99%20not%3A%E5%96%B6%E6%A5%AD%E4%BA%8B%E5%8B%99%20not%3A%E5%8F%97%E4%BB%98%20not%3A%E7%B5%8C%E7%90%86%20not%3A%E7%B7%8F%E5%8B%99%20not%3A%E4%BA%BA%E4%BA%8B%20not%3A%E6%96%BD%E5%B7%A5%E7%AE%A1%E7%90%86%20not%3A%E7%8F%BE%E5%A0%B4%E7%9B%A3%E7%9D%A3%20not%3A%E5%BB%BA%E7%AF%89%E5%A3%AB%20not%3A%E8%A8%AD%E8%A8%88%20not%3ACAD%20not%3A%E7%A9%8D%E7%AE%97%20not%3A%E5%B7%A5%E7%A8%8B%E7%AE%A1%E7%90%86%20not%3A%E5%93%81%E8%B3%AA%E7%AE%A1%E7%90%86%20not%3A%E3%83%89%E3%83%A9%E3%82%A4%E3%83%90%E3%83%BC%20not%3A%E9%85%8D%E9%80%81%20not%3A%E9%85%8D%E9%81%94%20not%3A%E9%81%8B%E8%BB%A2%E6%89%8B%20not%3A%E5%80%89%E5%BA%AB%20not%3A%E7%89%A9%E6%B5%81%20not%3A%E3%83%95%E3%82%A9%E3%83%BC%E3%82%AF%E3%83%AA%E3%83%95%E3%83%88%20not%3A%E3%83%94%E3%83%83%E3%82%AD%E3%83%B3%E3%82%B0%20not%3A%E8%A3%BD%E9%80%A0%E3%82%AA%E3%83%9A%E3%83%AC%E3%83%BC%E3%82%BF%E3%83%BC%20not%3A%E5%B7%A5%E5%A0%B4%E4%BD%9C%E6%A5%AD%20not%3A%E3%83%A9%E3%82%A4%E3%83%B3%E4%BD%9C%E6%A5%AD%20not%3A%E6%A4%9C%E6%9F%BB%E5%93%A1%20not%3A%E7%B5%84%E7%AB%8B%E5%B7%A5%20not%3A%E8%AD%A6%E5%82%99%20not%3A%E6%B8%85%E6%8E%83%20not%3A%E4%BB%8B%E8%AD%B7%20not%3A%E7%9C%8B%E8%AD%B7%20not%3A%E4%BF%9D%E8%82%B2",false,false,
2026-08-08,求人ボックス,大工,北海道,大工,有限会社黄田建設,北海道 上富良野町 上富良野駅 車6分,北海道,上富良野町,上富良野,,,,月給27万円～35万円 / 賞与あり・昇給あり,月給,270000,350000,month,契約社員,,https://xn--pckua2a7gp15o89zb.com/jb/f89c468f8b61c376021b939a23eec6ca,"https://xn--pckua2a7gp15o89zb.com/%E5%A4%A7%E5%B7%A5の仕事-%E5%8C%97%E6%B5%B7%E9%81%93?e=5,3,4&q=not%3A%E5%93%81%E5%87%BA%E3%81%97%20not%3A%E3%83%AC%E3%82%B8%20not%3A%E8%B2%A9%E5%A3%B2%20not%3A%E6%8E%A5%E5%AE%A2%20not%3A%E5%A3%B2%E5%A0%B4%20not%3A%E5%A3%B2%E3%82%8A%E5%A0%B4%20not%3A%E5%BA%97%E8%88%97%E3%82%B9%E3%82%BF%E3%83%83%E3%83%95%20not%3A%E3%82%B7%E3%83%A7%E3%83%83%E3%83%97%E3%82%B9%E3%82%BF%E3%83%83%E3%83%95%20not%3A%E8%B2%A9%E5%A3%B2%E5%93%A1%20not%3A%E5%95%86%E5%93%81%E7%AE%A1%E7%90%86%20not%3A%E3%83%89%E3%83%A9%E3%83%83%E3%82%B0%E3%82%B9%E3%83%88%E3%82%A2%20not%3A%E3%83%9B%E3%83%BC%E3%83%A0%E3%82%BB%E3%83%B3%E3%82%BF%E3%83%BC%20not%3A%E5%96%B6%E6%A5%AD%20not%3A%E3%83%AB%E3%83%BC%E3%83%88%E5%96%B6%E6%A5%AD%20not%3A%E6%8F%90%E6%A1%88%E5%96%B6%E6%A5%AD%20not%3A%E5%8F%8D%E9%9F%BF%E5%96%B6%E6%A5%AD%20not%3A%E4%B8%8D%E5%8B%95%E7%94%A3%E5%96%B6%E6%A5%AD%20not%3A%E4%BD%8F%E5%AE%85%E5%96%B6%E6%A5%AD%20not%3A%E4%BA%8B%E5%8B%99%20not%3A%E4%B8%80%E8%88%AC%E4%BA%8B%E5%8B%99%20not%3A%E5%96%B6%E6%A5%AD%E4%BA%8B%E5%8B%99%20not%3A%E5%8F%97%E4%BB%98%20not%3A%E7%B5%8C%E7%90%86%20not%3A%E7%B7%8F%E5%8B%99%20not%3A%E4%BA%BA%E4%BA%8B%20not%3A%E6%96%BD%E5%B7%A5%E7%AE%A1%E7%90%86%20not%3A%E7%8F%BE%E5%A0%B4%E7%9B%A3%E7%9D%A3%20not%3A%E5%BB%BA%E7%AF%89%E5%A3%AB%20not%3A%E8%A8%AD%E8%A8%88%20not%3ACAD%20not%3A%E7%A9%8D%E7%AE%97%20not%3A%E5%B7%A5%E7%A8%8B%E7%AE%A1%E7%90%86%20not%3A%E5%93%81%E8%B3%AA%E7%AE%A1%E7%90%86%20not%3A%E3%83%89%E3%83%A9%E3%82%A4%E3%83%90%E3%83%BC%20not%3A%E9%85%8D%E9%80%81%20not%3A%E9%85%8D%E9%81%94%20not%3A%E9%81%8B%E8%BB%A2%E6%89%8B%20not%3A%E5%80%89%E5%BA%AB%20not%3A%E7%89%A9%E6%B5%81%20not%3A%E3%83%95%E3%82%A9%E3%83%BC%E3%82%AF%E3%83%AA%E3%83%95%E3%83%88%20not%3A%E3%83%94%E3%83%83%E3%82%AD%E3%83%B3%E3%82%B0%20not%3A%E8%A3%BD%E9%80%A0%E3%82%AA%E3%83%9A%E3%83%AC%E3%83%BC%E3%82%BF%E3%83%BC%20not%3A%E5%B7%A5%E5%A0%B4%E4%BD%9C%E6%A5%AD%20not%3A%E3%83%A9%E3%82%A4%E3%83%B3%E4%BD%9C%E6%A5%AD%20not%3A%E6%A4%9C%E6%9F%BB%E5%93%A1%20not%3A%E7%B5%84%E7%AB%8B%E5%B7%A5%20not%3A%E8%AD%A6%E5%82%99%20not%3A%E6%B8%85%E6%8E%83%20not%3A%E4%BB%8B%E8%AD%B7%20not%3A%E7%9C%8B%E8%AD%B7%20not%3A%E4%BF%9D%E8%82%B2",false,false,
2026-08-08,求人ボックス,大工,北海道,大工,橋本工務店,北海道,北海道,,,,,,月給30万円～65万円,月給,300000,650000,month,業務委託,,https://xn--pckua2a7gp15o89zb.com/jb/e7f75bbefcbd683c30c57ff91f40ba3f,"https://xn--pckua2a7gp15o89zb.com/%E5%A4%A7%E5%B7%A5の仕事-%E5%8C%97%E6%B5%B7%E9%81%93?e=5,3,4&q=not%3A%E5%93%81%E5%87%BA%E3%81%97%20not%3A%E3%83%AC%E3%82%B8%20not%3A%E8%B2%A9%E5%A3%B2%20not%3A%E6%8E%A5%E5%AE%A2%20not%3A%E5%A3%B2%E5%A0%B4%20not%3A%E5%A3%B2%E3%82%8A%E5%A0%B4%20not%3A%E5%BA%97%E8%88%97%E3%82%B9%E3%82%BF%E3%83%83%E3%83%95%20not%3A%E3%82%B7%E3%83%A7%E3%83%83%E3%83%97%E3%82%B9%E3%82%BF%E3%83%83%E3%83%95%20not%3A%E8%B2%A9%E5%A3%B2%E5%93%A1%20not%3A%E5%95%86%E5%93%81%E7%AE%A1%E7%90%86%20not%3A%E3%83%89%E3%83%A9%E3%83%83%E3%82%B0%E3%82%B9%E3%83%88%E3%82%A2%20not%3A%E3%83%9B%E3%83%BC%E3%83%A0%E3%82%BB%E3%83%B3%E3%82%BF%E3%83%BC%20not%3A%E5%96%B6%E6%A5%AD%20not%3A%E3%83%AB%E3%83%BC%E3%83%88%E5%96%B6%E6%A5%AD%20not%3A%E6%8F%90%E6%A1%88%E5%96%B6%E6%A5%AD%20not%3A%E5%8F%8D%E9%9F%BF%E5%96%B6%E6%A5%AD%20not%3A%E4%B8%8D%E5%8B%95%E7%94%A3%E5%96%B6%E6%A5%AD%20not%3A%E4%BD%8F%E5%AE%85%E5%96%B6%E6%A5%AD%20not%3A%E4%BA%8B%E5%8B%99%20not%3A%E4%B8%80%E8%88%AC%E4%BA%8B%E5%8B%99%20not%3A%E5%96%B6%E6%A5%AD%E4%BA%8B%E5%8B%99%20not%3A%E5%8F%97%E4%BB%98%20not%3A%E7%B5%8C%E7%90%86%20not%3A%E7%B7%8F%E5%8B%99%20not%3A%E4%BA%BA%E4%BA%8B%20not%3A%E6%96%BD%E5%B7%A5%E7%AE%A1%E7%90%86%20not%3A%E7%8F%BE%E5%A0%B4%E7%9B%A3%E7%9D%A3%20not%3A%E5%BB%BA%E7%AF%89%E5%A3%AB%20not%3A%E8%A8%AD%E8%A8%88%20not%3ACAD%20not%3A%E7%A9%8D%E7%AE%97%20not%3A%E5%B7%A5%E7%A8%8B%E7%AE%A1%E7%90%86%20not%3A%E5%93%81%E8%B3%AA%E7%AE%A1%E7%90%86%20not%3A%E3%83%89%E3%83%A9%E3%82%A4%E3%83%90%E3%83%BC%20not%3A%E9%85%8D%E9%80%81%20not%3A%E9%85%8D%E9%81%94%20not%3A%E9%81%8B%E8%BB%A2%E6%89%8B%20not%3A%E5%80%89%E5%BA%AB%20not%3A%E7%89%A9%E6%B5%81%20not%3A%E3%83%95%E3%82%A9%E3%83%BC%E3%82%AF%E3%83%AA%E3%83%95%E3%83%88%20not%3A%E3%83%94%E3%83%83%E3%82%AD%E3%83%B3%E3%82%B0%20not%3A%E8%A3%BD%E9%80%A0%E3%82%AA%E3%83%9A%E3%83%AC%E3%83%BC%E3%82%BF%E3%83%BC%20not%3A%E5%B7%A5%E5%A0%B4%E4%BD%9C%E6%A5%AD%20not%3A%E3%83%A9%E3%82%A4%E3%83%B3%E4%BD%9C%E6%A5%AD%20not%3A%E6%A4%9C%E6%9F%BB%E5%93%A1%20not%3A%E7%B5%84%E7%AB%8B%E5%B7%A5%20not%3A%E8%AD%A6%E5%82%99%20not%3A%E6%B8%85%E6%8E%83%20not%3A%E4%BB%8B%E8%AD%B7%20not%3A%E7%9C%8B%E8%AD%B7%20not%3A%E4%BF%9D%E8%82%B2",false,false,
2026-08-08,求人ボックス,大工,北海道,大型物件や新築住宅を施工する大工,株式会社カムズコンストラクション,北海道 札幌市 環状通東駅 徒歩7分,北海道,札幌市,環状通東,,,,"日給1万5,000円～4万円",日給,15000,40000,day,業務委託,,https://xn--pckua2a7gp15o89zb.com/jb/9edae7963dc41489ce912aab1e91fd4c,"https://xn--pckua2a7gp15o89zb.com/%E5%A4%A7%E5%B7%A5の仕事-%E5%8C%97%E6%B5%B7%E9%81%93?e=5,3,4&q=not%3A%E5%93%81%E5%87%BA%E3%81%97%20not%3A%E3%83%AC%E3%82%B8%20not%3A%E8%B2%A9%E5%A3%B2%20not%3A%E6%8E%A5%E5%AE%A2%20not%3A%E5%A3%B2%E5%A0%B4%20not%3A%E5%A3%B2%E3%82%8A%E5%A0%B4%20not%3A%E5%BA%97%E8%88%97%E3%82%B9%E3%82%BF%E3%83%83%E3%83%95%20not%3A%E3%82%B7%E3%83%A7%E3%83%83%E3%83%97%E3%82%B9%E3%82%BF%E3%83%83%E3%83%95%20not%3A%E8%B2%A9%E5%A3%B2%E5%93%A1%20not%3A%E5%95%86%E5%93%81%E7%AE%A1%E7%90%86%20not%3A%E3%83%89%E3%83%A9%E3%83%83%E3%82%B0%E3%82%B9%E3%83%88%E3%82%A2%20not%3A%E3%83%9B%E3%83%BC%E3%83%A0%E3%82%BB%E3%83%B3%E3%82%BF%E3%83%BC%20not%3A%E5%96%B6%E6%A5%AD%20not%3A%E3%83%AB%E3%83%BC%E3%83%88%E5%96%B6%E6%A5%AD%20not%3A%E6%8F%90%E6%A1%88%E5%96%B6%E6%A5%AD%20not%3A%E5%8F%8D%E9%9F%BF%E5%96%B6%E6%A5%AD%20not%3A%E4%B8%8D%E5%8B%95%E7%94%A3%E5%96%B6%E6%A5%AD%20not%3A%E4%BD%8F%E5%AE%85%E5%96%B6%E6%A5%AD%20not%3A%E4%BA%8B%E5%8B%99%20not%3A%E4%B8%80%E8%88%AC%E4%BA%8B%E5%8B%99%20not%3A%E5%96%B6%E6%A5%AD%E4%BA%8B%E5%8B%99%20not%3A%E5%8F%97%E4%BB%98%20not%3A%E7%B5%8C%E7%90%86%20not%3A%E7%B7%8F%E5%8B%99%20not%3A%E4%BA%BA%E4%BA%8B%20not%3A%E6%96%BD%E5%B7%A5%E7%AE%A1%E7%90%86%20not%3A%E7%8F%BE%E5%A0%B4%E7%9B%A3%E7%9D%A3%20not%3A%E5%BB%BA%E7%AF%89%E5%A3%AB%20not%3A%E8%A8%AD%E8%A8%88%20not%3ACAD%20not%3A%E7%A9%8D%E7%AE%97%20not%3A%E5%B7%A5%E7%A8%8B%E7%AE%A1%E7%90%86%20not%3A%E5%93%81%E8%B3%AA%E7%AE%A1%E7%90%86%20not%3A%E3%83%89%E3%83%A9%E3%82%A4%E3%83%90%E3%83%BC%20not%3A%E9%85%8D%E9%80%81%20not%3A%E9%85%8D%E9%81%94%20not%3A%E9%81%8B%E8%BB%A2%E6%89%8B%20not%3A%E5%80%89%E5%BA%AB%20not%3A%E7%89%A9%E6%B5%81%20not%3A%E3%83%95%E3%82%A9%E3%83%BC%E3%82%AF%E3%83%AA%E3%83%95%E3%83%88%20not%3A%E3%83%94%E3%83%83%E3%82%AD%E3%83%B3%E3%82%B0%20not%3A%E8%A3%BD%E9%80%A0%E3%82%AA%E3%83%9A%E3%83%AC%E3%83%BC%E3%82%BF%E3%83%BC%20not%3A%E5%B7%A5%E5%A0%B4%E4%BD%9C%E6%A5%AD%20not%3A%E3%83%A9%E3%82%A4%E3%83%B3%E4%BD%9C%E6%A5%AD%20not%3A%E6%A4%9C%E6%9F%BB%E5%93%A1%20not%3A%E7%B5%84%E7%AB%8B%E5%B7%A5%20not%3A%E8%AD%A6%E5%82%99%20not%3A%E6%B8%85%E6%8E%83%20not%3A%E4%BB%8B%E8%AD%B7%20not%3A%E7%9C%8B%E8%AD%B7%20not%3A%E4%BF%9D%E8%82%B2",false,false,
2026-08-08,求人ボックス,大工,北海道,「未経験OK・完全週休2日」養豚場の建設部門で大工スタッフ募集,上原ファーム株式会社,北海道 新ひだか町,北海道,新ひだか町,,,,,月給20万円～30万円 / 賞与あり・昇給あり,月給,200000,300000,month,正社員 / 契約社員,,https://xn--pckua2a7gp15o89zb.com/jb/015748e049dd860a8dd381e46545430d,"https://xn--pckua2a7gp15o89zb.com/%E5%A4%A7%E5%B7%A5の仕事-%E5%8C%97%E6%B5%B7%E9%81%93?e=5,3,4&q=not%3A%E5%93%81%E5%87%BA%E3%81%97%20not%3A%E3%83%AC%E3%82%B8%20not%3A%E8%B2%A9%E5%A3%B2%20not%3A%E6%8E%A5%E5%AE%A2%20not%3A%E5%A3%B2%E5%A0%B4%20not%3A%E5%A3%B2%E3%82%8A%E5%A0%B4%20not%3A%E5%BA%97%E8%88%97%E3%82%B9%E3%82%BF%E3%83%83%E3%83%95%20not%3A%E3%82%B7%E3%83%A7%E3%83%83%E3%83%97%E3%82%B9%E3%82%BF%E3%83%83%E3%83%95%20not%3A%E8%B2%A9%E5%A3%B2%E5%93%A1%20not%3A%E5%95%86%E5%93%81%E7%AE%A1%E7%90%86%20not%3A%E3%83%89%E3%83%A9%E3%83%83%E3%82%B0%E3%82%B9%E3%83%88%E3%82%A2%20not%3A%E3%83%9B%E3%83%BC%E3%83%A0%E3%82%BB%E3%83%B3%E3%82%BF%E3%83%BC%20not%3A%E5%96%B6%E6%A5%AD%20not%3A%E3%83%AB%E3%83%BC%E3%83%88%E5%96%B6%E6%A5%AD%20not%3A%E6%8F%90%E6%A1%88%E5%96%B6%E6%A5%AD%20not%3A%E5%8F%8D%E9%9F%BF%E5%96%B6%E6%A5%AD%20not%3A%E4%B8%8D%E5%8B%95%E7%94%A3%E5%96%B6%E6%A5%AD%20not%3A%E4%BD%8F%E5%AE%85%E5%96%B6%E6%A5%AD%20not%3A%E4%BA%8B%E5%8B%99%20not%3A%E4%B8%80%E8%88%AC%E4%BA%8B%E5%8B%99%20not%3A%E5%96%B6%E6%A5%AD%E4%BA%8B%E5%8B%99%20not%3A%E5%8F%97%E4%BB%98%20not%3A%E7%B5%8C%E7%90%86%20not%3A%E7%B7%8F%E5%8B%99%20not%3A%E4%BA%BA%E4%BA%8B%20not%3A%E6%96%BD%E5%B7%A5%E7%AE%A1%E7%90%86%20not%3A%E7%8F%BE%E5%A0%B4%E7%9B%A3%E7%9D%A3%20not%3A%E5%BB%BA%E7%AF%89%E5%A3%AB%20not%3A%E8%A8%AD%E8%A8%88%20not%3ACAD%20not%3A%E7%A9%8D%E7%AE%97%20not%3A%E5%B7%A5%E7%A8%8B%E7%AE%A1%E7%90%86%20not%3A%E5%93%81%E8%B3%AA%E7%AE%A1%E7%90%86%20not%3A%E3%83%89%E3%83%A9%E3%82%A4%E3%83%90%E3%83%BC%20not%3A%E9%85%8D%E9%80%81%20not%3A%E9%85%8D%E9%81%94%20not%3A%E9%81%8B%E8%BB%A2%E6%89%8B%20not%3A%E5%80%89%E5%BA%AB%20not%3A%E7%89%A9%E6%B5%81%20not%3A%E3%83%95%E3%82%A9%E3%83%BC%E3%82%AF%E3%83%AA%E3%83%95%E3%83%88%20not%3A%E3%83%94%E3%83%83%E3%82%AD%E3%83%B3%E3%82%B0%20not%3A%E8%A3%BD%E9%80%A0%E3%82%AA%E3%83%9A%E3%83%AC%E3%83%BC%E3%82%BF%E3%83%BC%20not%3A%E5%B7%A5%E5%A0%B4%E4%BD%9C%E6%A5%AD%20not%3A%E3%83%A9%E3%82%A4%E3%83%B3%E4%BD%9C%E6%A5%AD%20not%3A%E6%A4%9C%E6%9F%BB%E5%93%A1%20not%3A%E7%B5%84%E7%AB%8B%E5%B7%A5%20not%3A%E8%AD%A6%E5%82%99%20not%3A%E6%B8%85%E6%8E%83%20not%3A%E4%BB%8B%E8%AD%B7%20not%3A%E7%9C%8B%E8%AD%B7%20not%3A%E4%BF%9D%E8%82%B2",true,false,
2026-08-08,求人ボックス,大工,北海道,大工,小林建設株式会社,北海道 根室市,北海道,根室市,,,,,月給18万円 / 賞与あり,月給,180000,180000,month,契約社員,,https://xn--pckua2a7gp15o89zb.com/jb/816ead53ed56fc6d6a2437f34e91d756,"https://xn--pckua2a7gp15o89zb.com/%E5%A4%A7%E5%B7%A5の仕事-%E5%8C%97%E6%B5%B7%E9%81%93?e=5,3,4&q=not%3A%E5%93%81%E5%87%BA%E3%81%97%20not%3A%E3%83%AC%E3%82%B8%20not%3A%E8%B2%A9%E5%A3%B2%20not%3A%E6%8E%A5%E5%AE%A2%20not%3A%E5%A3%B2%E5%A0%B4%20not%3A%E5%A3%B2%E3%82%8A%E5%A0%B4%20not%3A%E5%BA%97%E8%88%97%E3%82%B9%E3%82%BF%E3%83%83%E3%83%95%20not%3A%E3%82%B7%E3%83%A7%E3%83%83%E3%83%97%E3%82%B9%E3%82%BF%E3%83%83%E3%83%95%20not%3A%E8%B2%A9%E5%A3%B2%E5%93%A1%20not%3A%E5%95%86%E5%93%81%E7%AE%A1%E7%90%86%20not%3A%E3%83%89%E3%83%A9%E3%83%83%E3%82%B0%E3%82%B9%E3%83%88%E3%82%A2%20not%3A%E3%83%9B%E3%83%BC%E3%83%A0%E3%82%BB%E3%83%B3%E3%82%BF%E3%83%BC%20not%3A%E5%96%B6%E6%A5%AD%20not%3A%E3%83%AB%E3%83%BC%E3%83%88%E5%96%B6%E6%A5%AD%20not%3A%E6%8F%90%E6%A1%88%E5%96%B6%E6%A5%AD%20not%3A%E5%8F%8D%E9%9F%BF%E5%96%B6%E6%A5%AD%20not%3A%E4%B8%8D%E5%8B%95%E7%94%A3%E5%96%B6%E6%A5%AD%20not%3A%E4%BD%8F%E5%AE%85%E5%96%B6%E6%A5%AD%20not%3A%E4%BA%8B%E5%8B%99%20not%3A%E4%B8%80%E8%88%AC%E4%BA%8B%E5%8B%99%20not%3A%E5%96%B6%E6%A5%AD%E4%BA%8B%E5%8B%99%20not%3A%E5%8F%97%E4%BB%98%20not%3A%E7%B5%8C%E7%90%86%20not%3A%E7%B7%8F%E5%8B%99%20not%3A%E4%BA%BA%E4%BA%8B%20not%3A%E6%96%BD%E5%B7%A5%E7%AE%A1%E7%90%86%20not%3A%E7%8F%BE%E5%A0%B4%E7%9B%A3%E7%9D%A3%20not%3A%E5%BB%BA%E7%AF%89%E5%A3%AB%20not%3A%E8%A8%AD%E8%A8%88%20not%3ACAD%20not%3A%E7%A9%8D%E7%AE%97%20not%3A%E5%B7%A5%E7%A8%8B%E7%AE%A1%E7%90%86%20not%3A%E5%93%81%E8%B3%AA%E7%AE%A1%E7%90%86%20not%3A%E3%83%89%E3%83%A9%E3%82%A4%E3%83%90%E3%83%BC%20not%3A%E9%85%8D%E9%80%81%20not%3A%E9%85%8D%E9%81%94%20not%3A%E9%81%8B%E8%BB%A2%E6%89%8B%20not%3A%E5%80%89%E5%BA%AB%20not%3A%E7%89%A9%E6%B5%81%20not%3A%E3%83%95%E3%82%A9%E3%83%BC%E3%82%AF%E3%83%AA%E3%83%95%E3%83%88%20not%3A%E3%83%94%E3%83%83%E3%82%AD%E3%83%B3%E3%82%B0%20not%3A%E8%A3%BD%E9%80%A0%E3%82%AA%E3%83%9A%E3%83%AC%E3%83%BC%E3%82%BF%E3%83%BC%20not%3A%E5%B7%A5%E5%A0%B4%E4%BD%9C%E6%A5%AD%20not%3A%E3%83%A9%E3%82%A4%E3%83%B3%E4%BD%9C%E6%A5%AD%20not%3A%E6%A4%9C%E6%9F%BB%E5%93%A1%20not%3A%E7%B5%84%E7%AB%8B%E5%B7%A5%20not%3A%E8%AD%A6%E5%82%99%20not%3A%E6%B8%85%E6%8E%83%20not%3A%E4%BB%8B%E8%AD%B7%20not%3A%E7%9C%8B%E8%AD%B7%20not%3A%E4%BF%9D%E8%82%B2",false,false,
2026-08-08,求人ボックス,左官,北海道,左官職人・タイル施工作業員／まだやれる!その気持ちに応えられる会社です...,有限会社丸宏石塚左官,北海道,北海道,,,,,,日給10000円 ～ 25000円,日給,10000,25000,day,業務委託 試用期間 試用期間あり 契約期間 ※求人票に記載が無い場合、お問い合わせいただければ内定時までに開示します。,1日前,https://xn--pckua2a7gp15o89zb.com/jb/f5c0b20ab154b517a40ce68cd23c0fbe,"https://xn--pckua2a7gp15o89zb.com/%E5%B7%A6%E5%AE%98の仕事-%E5%8C%97%E6%B5%B7%E9%81%93?e=5,3,4&q=not%3A%E5%93%81%E5%87%BA%E3%81%97%20not%3A%E3%83%AC%E3%82%B8%20not%3A%E8%B2%A9%E5%A3%B2%20not%3A%E6%8E%A5%E5%AE%A2%20not%3A%E5%A3%B2%E5%A0%B4%20not%3A%E5%A3%B2%E3%82%8A%E5%A0%B4%20not%3A%E5%BA%97%E8%88%97%E3%82%B9%E3%82%BF%E3%83%83%E3%83%95%20not%3A%E3%82%B7%E3%83%A7%E3%83%83%E3%83%97%E3%82%B9%E3%82%BF%E3%83%83%E3%83%95%20not%3A%E8%B2%A9%E5%A3%B2%E5%93%A1%20not%3A%E5%95%86%E5%93%81%E7%AE%A1%E7%90%86%20not%3A%E3%83%89%E3%83%A9%E3%83%83%E3%82%B0%E3%82%B9%E3%83%88%E3%82%A2%20not%3A%E3%83%9B%E3%83%BC%E3%83%A0%E3%82%BB%E3%83%B3%E3%82%BF%E3%83%BC%20not%3A%E5%96%B6%E6%A5%AD%20not%3A%E3%83%AB%E3%83%BC%E3%83%88%E5%96%B6%E6%A5%AD%20not%3A%E6%8F%90%E6%A1%88%E5%96%B6%E6%A5%AD%20not%3A%E5%8F%8D%E9%9F%BF%E5%96%B6%E6%A5%AD%20not%3A%E4%B8%8D%E5%8B%95%E7%94%A3%E5%96%B6%E6%A5%AD%20not%3A%E4%BD%8F%E5%AE%85%E5%96%B6%E6%A5%AD%20not%3A%E4%BA%8B%E5%8B%99%20not%3A%E4%B8%80%E8%88%AC%E4%BA%8B%E5%8B%99%20not%3A%E5%96%B6%E6%A5%AD%E4%BA%8B%E5%8B%99%20not%3A%E5%8F%97%E4%BB%98%20not%3A%E7%B5%8C%E7%90%86%20not%3A%E7%B7%8F%E5%8B%99%20not%3A%E4%BA%BA%E4%BA%8B%20not%3A%E6%96%BD%E5%B7%A5%E7%AE%A1%E7%90%86%20not%3A%E7%8F%BE%E5%A0%B4%E7%9B%A3%E7%9D%A3%20not%3A%E5%BB%BA%E7%AF%89%E5%A3%AB%20not%3A%E8%A8%AD%E8%A8%88%20not%3ACAD%20not%3A%E7%A9%8D%E7%AE%97%20not%3A%E5%B7%A5%E7%A8%8B%E7%AE%A1%E7%90%86%20not%3A%E5%93%81%E8%B3%AA%E7%AE%A1%E7%90%86%20not%3A%E3%83%89%E3%83%A9%E3%82%A4%E3%83%90%E3%83%BC%20not%3A%E9%85%8D%E9%80%81%20not%3A%E9%85%8D%E9%81%94%20not%3A%E9%81%8B%E8%BB%A2%E6%89%8B%20not%3A%E5%80%89%E5%BA%AB%20not%3A%E7%89%A9%E6%B5%81%20not%3A%E3%83%95%E3%82%A9%E3%83%BC%E3%82%AF%E3%83%AA%E3%83%95%E3%83%88%20not%3A%E3%83%94%E3%83%83%E3%82%AD%E3%83%B3%E3%82%B0%20not%3A%E8%A3%BD%E9%80%A0%E3%82%AA%E3%83%9A%E3%83%AC%E3%83%BC%E3%82%BF%E3%83%BC%20not%3A%E5%B7%A5%E5%A0%B4%E4%BD%9C%E6%A5%AD%20not%3A%E3%83%A9%E3%82%A4%E3%83%B3%E4%BD%9C%E6%A5%AD%20not%3A%E6%A4%9C%E6%9F%BB%E5%93%A1%20not%3A%E7%B5%84%E7%AB%8B%E5%B7%A5%20not%3A%E8%AD%A6%E5%82%99%20not%3A%E6%B8%85%E6%8E%83%20not%3A%E4%BB%8B%E8%AD%B7%20not%3A%E7%9C%8B%E8%AD%B7%20not%3A%E4%BF%9D%E8%82%B2",false,false,
2026-08-08,求人ボックス,左官,北海道,未経験OK 左官職人見習い 日給,株式会社ヤマテック,北海道,北海道,,,,,,日給12000円 ～ 15000円,日給,12000,15000,day,業務委託 試用期間 試用期間あり 契約期間 ※求人票に記載が無い場合、お問い合わせいただければ内定時までに開示します。,,https://xn--pckua2a7gp15o89zb.com/jb/ff35a18d2dc93a8583add26586f4092c,"https://xn--pckua2a7gp15o89zb.com/%E5%B7%A6%E5%AE%98の仕事-%E5%8C%97%E6%B5%B7%E9%81%93?e=5,3,4&q=not%3A%E5%93%81%E5%87%BA%E3%81%97%20not%3A%E3%83%AC%E3%82%B8%20not%3A%E8%B2%A9%E5%A3%B2%20not%3A%E6%8E%A5%E5%AE%A2%20not%3A%E5%A3%B2%E5%A0%B4%20not%3A%E5%A3%B2%E3%82%8A%E5%A0%B4%20not%3A%E5%BA%97%E8%88%97%E3%82%B9%E3%82%BF%E3%83%83%E3%83%95%20not%3A%E3%82%B7%E3%83%A7%E3%83%83%E3%83%97%E3%82%B9%E3%82%BF%E3%83%83%E3%83%95%20not%3A%E8%B2%A9%E5%A3%B2%E5%93%A1%20not%3A%E5%95%86%E5%93%81%E7%AE%A1%E7%90%86%20not%3A%E3%83%89%E3%83%A9%E3%83%83%E3%82%B0%E3%82%B9%E3%83%88%E3%82%A2%20not%3A%E3%83%9B%E3%83%BC%E3%83%A0%E3%82%BB%E3%83%B3%E3%82%BF%E3%83%BC%20not%3A%E5%96%B6%E6%A5%AD%20not%3A%E3%83%AB%E3%83%BC%E3%83%88%E5%96%B6%E6%A5%AD%20not%3A%E6%8F%90%E6%A1%88%E5%96%B6%E6%A5%AD%20not%3A%E5%8F%8D%E9%9F%BF%E5%96%B6%E6%A5%AD%20not%3A%E4%B8%8D%E5%8B%95%E7%94%A3%E5%96%B6%E6%A5%AD%20not%3A%E4%BD%8F%E5%AE%85%E5%96%B6%E6%A5%AD%20not%3A%E4%BA%8B%E5%8B%99%20not%3A%E4%B8%80%E8%88%AC%E4%BA%8B%E5%8B%99%20not%3A%E5%96%B6%E6%A5%AD%E4%BA%8B%E5%8B%99%20not%3A%E5%8F%97%E4%BB%98%20not%3A%E7%B5%8C%E7%90%86%20not%3A%E7%B7%8F%E5%8B%99%20not%3A%E4%BA%BA%E4%BA%8B%20not%3A%E6%96%BD%E5%B7%A5%E7%AE%A1%E7%90%86%20not%3A%E7%8F%BE%E5%A0%B4%E7%9B%A3%E7%9D%A3%20not%3A%E5%BB%BA%E7%AF%89%E5%A3%AB%20not%3A%E8%A8%AD%E8%A8%88%20not%3ACAD%20not%3A%E7%A9%8D%E7%AE%97%20not%3A%E5%B7%A5%E7%A8%8B%E7%AE%A1%E7%90%86%20not%3A%E5%93%81%E8%B3%AA%E7%AE%A1%E7%90%86%20not%3A%E3%83%89%E3%83%A9%E3%82%A4%E3%83%90%E3%83%BC%20not%3A%E9%85%8D%E9%80%81%20not%3A%E9%85%8D%E9%81%94%20not%3A%E9%81%8B%E8%BB%A2%E6%89%8B%20not%3A%E5%80%89%E5%BA%AB%20not%3A%E7%89%A9%E6%B5%81%20not%3A%E3%83%95%E3%82%A9%E3%83%BC%E3%82%AF%E3%83%AA%E3%83%95%E3%83%88%20not%3A%E3%83%94%E3%83%83%E3%82%AD%E3%83%B3%E3%82%B0%20not%3A%E8%A3%BD%E9%80%A0%E3%82%AA%E3%83%9A%E3%83%AC%E3%83%BC%E3%82%BF%E3%83%BC%20not%3A%E5%B7%A5%E5%A0%B4%E4%BD%9C%E6%A5%AD%20not%3A%E3%83%A9%E3%82%A4%E3%83%B3%E4%BD%9C%E6%A5%AD%20not%3A%E6%A4%9C%E6%9F%BB%E5%93%A1%20not%3A%E7%B5%84%E7%AB%8B%E5%B7%A5%20not%3A%E8%AD%A6%E5%82%99%20not%3A%E6%B8%85%E6%8E%83%20not%3A%E4%BB%8B%E8%AD%B7%20not%3A%E7%9C%8B%E8%AD%B7%20not%3A%E4%BF%9D%E8%82%B2",false,false,
2026-08-08,求人ボックス,ブロック工,北海道,コンクリートブロックの研削スタッフ,UTエージェント株式会社 北日本第二CU,北海道北広島市勤務詳細：北広島市 便利な通勤方法：車/自転車/バス/バイク 最寄り駅：北広島駅から車6分 ※構内の無料駐車場利用OK,北海道,北広島市,勤務詳細：北広島市便利な通勤方法：車/自転車/バス/バイク最寄り,,,,"時給1,300円",時給,1300,1300,hour,正社員（無期雇用派遣）,,https://xn--pckua2a7gp15o89zb.com/jb/8da04704b6908e66cdb82ac910925168,"https://xn--pckua2a7gp15o89zb.com/%E3%83%96%E3%83%AD%E3%83%83%E3%82%AF%E5%B7%A5の仕事-%E5%8C%97%E6%B5%B7%E9%81%93?e=5,3,4&q=not%3A%E5%93%81%E5%87%BA%E3%81%97%20not%3A%E3%83%AC%E3%82%B8%20not%3A%E8%B2%A9%E5%A3%B2%20not%3A%E6%8E%A5%E5%AE%A2%20not%3A%E5%A3%B2%E5%A0%B4%20not%3A%E5%A3%B2%E3%82%8A%E5%A0%B4%20not%3A%E5%BA%97%E8%88%97%E3%82%B9%E3%82%BF%E3%83%83%E3%83%95%20not%3A%E3%82%B7%E3%83%A7%E3%83%83%E3%83%97%E3%82%B9%E3%82%BF%E3%83%83%E3%83%95%20not%3A%E8%B2%A9%E5%A3%B2%E5%93%A1%20not%3A%E5%95%86%E5%93%81%E7%AE%A1%E7%90%86%20not%3A%E3%83%89%E3%83%A9%E3%83%83%E3%82%B0%E3%82%B9%E3%83%88%E3%82%A2%20not%3A%E3%83%9B%E3%83%BC%E3%83%A0%E3%82%BB%E3%83%B3%E3%82%BF%E3%83%BC%20not%3A%E5%96%B6%E6%A5%AD%20not%3A%E3%83%AB%E3%83%BC%E3%83%88%E5%96%B6%E6%A5%AD%20not%3A%E6%8F%90%E6%A1%88%E5%96%B6%E6%A5%AD%20not%3A%E5%8F%8D%E9%9F%BF%E5%96%B6%E6%A5%AD%20not%3A%E4%B8%8D%E5%8B%95%E7%94%A3%E5%96%B6%E6%A5%AD%20not%3A%E4%BD%8F%E5%AE%85%E5%96%B6%E6%A5%AD%20not%3A%E4%BA%8B%E5%8B%99%20not%3A%E4%B8%80%E8%88%AC%E4%BA%8B%E5%8B%99%20not%3A%E5%96%B6%E6%A5%AD%E4%BA%8B%E5%8B%99%20not%3A%E5%8F%97%E4%BB%98%20not%3A%E7%B5%8C%E7%90%86%20not%3A%E7%B7%8F%E5%8B%99%20not%3A%E4%BA%BA%E4%BA%8B%20not%3A%E6%96%BD%E5%B7%A5%E7%AE%A1%E7%90%86%20not%3A%E7%8F%BE%E5%A0%B4%E7%9B%A3%E7%9D%A3%20not%3A%E5%BB%BA%E7%AF%89%E5%A3%AB%20not%3A%E8%A8%AD%E8%A8%88%20not%3ACAD%20not%3A%E7%A9%8D%E7%AE%97%20not%3A%E5%B7%A5%E7%A8%8B%E7%AE%A1%E7%90%86%20not%3A%E5%93%81%E8%B3%AA%E7%AE%A1%E7%90%86%20not%3A%E3%83%89%E3%83%A9%E3%82%A4%E3%83%90%E3%83%BC%20not%3A%E9%85%8D%E9%80%81%20not%3A%E9%85%8D%E9%81%94%20not%3A%E9%81%8B%E8%BB%A2%E6%89%8B%20not%3A%E5%80%89%E5%BA%AB%20not%3A%E7%89%A9%E6%B5%81%20not%3A%E3%83%95%E3%82%A9%E3%83%BC%E3%82%AF%E3%83%AA%E3%83%95%E3%83%88%20not%3A%E3%83%94%E3%83%83%E3%82%AD%E3%83%B3%E3%82%B0%20not%3A%E8%A3%BD%E9%80%A0%E3%82%AA%E3%83%9A%E3%83%AC%E3%83%BC%E3%82%BF%E3%83%BC%20not%3A%E5%B7%A5%E5%A0%B4%E4%BD%9C%E6%A5%AD%20not%3A%E3%83%A9%E3%82%A4%E3%83%B3%E4%BD%9C%E6%A5%AD%20not%3A%E6%A4%9C%E6%9F%BB%E5%93%A1%20not%3A%E7%B5%84%E7%AB%8B%E5%B7%A5%20not%3A%E8%AD%A6%E5%82%99%20not%3A%E6%B8%85%E6%8E%83%20not%3A%E4%BB%8B%E8%AD%B7%20not%3A%E7%9C%8B%E8%AD%B7%20not%3A%E4%BF%9D%E8%82%B2",true,false,
